loopIteration,time (us),GPS_coord[0],GPS_coord[1],GPS_altitude,GPS_speed (m/s),attitude[0],attitude[1],attitude[2],vbat (V),GPS_numSat
0,0,351980000,333549999,11,4.64,38,-39,0,25.23,9
1,20000,351980006,333550052,24,6.21,-13,0,1,25.19,11
2,40000,351980006,333550104,20,8.46,-10,142,2,25.19,9
3,60000,351980001,333550156,0,4.29,-16,0,3,25.17,13
4,80000,351980000,333550209,43,6.74,8,177,4,25.19,10
5,100000,351979993,333550261,0,6.09,22,29,6,25.18,10
6,120000,351979997,333550313,0,5.94,25,18,7,25.22,10
7,140000,351980014,333550365,0,5.61,-99,97,8,25.21,10
8,160000,351980012,333550417,2,5.7,-65,17,9,25.19,12
9,180000,351980009,333550469,36,7.32,-159,49,10,25.18,11
10,200000,351980018,333550521,33,6.8,46,-23,12,25.11,11
11,220000,351980024,333550573,8,4.88,65,-34,13,25.17,10
12,240000,351980029,333550625,47,7.95,76,-8,14,25.2,12
13,260000,351980023,333550676,14,4.52,7,41,15,25.21,12
14,280000,351980026,333550728,47,6.88,67,-4,16,25.1,10
15,300000,351980036,333550779,0,6.3,-3,-70,18,25.12,13
16,320000,351980026,333550831,0,7.52,-8,54,19,25.19,13
17,340000,351980025,333550882,45,6.51,-93,21,20,25.16,10
18,360000,351980009,333550933,0,7.35,-48,15,21,25.18,10
19,380000,351980000,333550984,3,6.05,-36,-1,22,25.17,13
20,400000,351979984,333551035,12,7.25,53,-85,24,25.2,10
21,420000,351979985,333551085,0,6.5,98,111,25,25.13,12
22,440000,351979976,333551136,0,8.66,-29,5,26,25.16,13
23,460000,351979982,333551186,74,5.25,20,56,27,25.21,13
24,480000,351979987,333551236,0,7.52,15,101,28,25.19,10
25,500000,351979989,333551286,56,6.64,-47,87,30,25.15,13
26,520000,351979967,333551336,113,6.3,-104,40,31,25.19,9
27,540000,351979965,333551385,23,5.41,-46,30,32,25.19,14
28,560000,351979968,333551435,22,6.62,-87,45,33,25.15,13
29,580000,351979972,333551484,53,4.32,-20,76,34,25.2,13
30,600000,351979960,333551532,98,4.44,-9,59,36,25.2,14
31,620000,351979959,333551581,0,6.94,-12,6,37,25.17,9
32,640000,351979952,333551630,30,4.22,-11,52,38,25.2,11
33,660000,351979947,333551678,20,7.81,27,49,39,25.14,11
34,680000,351979961,333551726,50,5.76,-57,65,40,25.19,11
35,700000,351979957,333551773,35,6.39,51,40,42,25.17,11
36,720000,351979960,333551821,56,6.18,-101,100,43,25.14,9
37,740000,351979972,333551868,13,6.59,2,40,44,25.15,14
38,760000,351979969,333551914,33,5.75,21,75,45,25.2,11
39,780000,351979971,333551961,5,5.65,-49,32,46,25.15,14
40,800000,351979976,333552007,6,5.94,-97,0,48,25.16,12
41,820000,351979980,333552053,28,7.35,36,-18,49,25.15,10
42,840000,351979971,333552099,29,7.45,-41,21,50,25.14,12
43,860000,351979975,333552144,0,7.62,45,57,51,25.19,14
44,880000,351979992,333552189,99,6.53,44,94,52,25.23,12
45,900000,351979980,333552233,32,5.85,-1,25,54,25.2,11
46,920000,351979992,333552278,0,4.08,-1,3,55,25.18,9
47,940000,351979996,333552322,83,6.86,57,3,56,25.18,13
48,960000,351979993,333552365,10,7.1,20,96,57,25.15,12
49,980000,351980017,333552408,61,5.61,-57,35,58,25.14,13
50,1000000,351980028,333552451,40,7.06,8,4,60,25.12,10
51,1020000,351980019,333552494,52,7.64,31,67,61,25.2,11
52,1040000,351980023,333552536,50,6.2,10,-37,62,25.15,10
53,1060000,351980032,333552578,21,7.36,9,35,63,25.13,12
54,1080000,351980033,333552619,46,6.46,-10,27,64,25.14,10
55,1100000,351980044,333552660,127,4.01,-8,23,66,25.16,11
56,1120000,351980046,333552700,0,5.52,-57,-29,67,25.14,10
57,1140000,351980056,333552741,50,5.6,-87,80,68,25.15,13
58,1160000,351980074,333552780,65,6.73,65,116,69,25.16,13
59,1180000,351980071,333552820,7,5.06,-39,-37,70,25.19,13
60,1200000,351980076,333552858,0,5.57,11,36,72,25.11,14
61,1220000,351980075,333552897,137,4.94,-91,63,73,25.16,12
62,1240000,351980079,333552935,36,6.05,7,145,74,25.13,10
63,1260000,351980071,333552972,135,6.18,-51,8,75,25.13,14
64,1280000,351980068,333553010,74,7.26,175,-18,76,25.19,10
65,1300000,351980070,333553046,57,7.05,-62,29,78,25.16,12
66,1320000,351980082,333553082,74,6.29,-59,133,79,25.13,9
67,1340000,351980097,333553118,81,6.38,54,33,80,25.16,9
68,1360000,351980087,333553153,103,6.22,66,43,81,25.14,14
69,1380000,351980082,333553188,74,6.23,-127,120,82,25.18,12
70,1400000,351980092,333553222,64,7.95,13,-79,84,25.13,9
71,1420000,351980075,333553256,66,3.11,50,-81,85,25.16,10
72,1440000,351980074,333553289,114,5.88,-74,76,86,25.13,11
73,1460000,351980077,333553322,93,6.47,39,69,87,25.14,13
74,1480000,351980092,333553355,21,7.45,-33,-41,88,25.13,14
75,1500000,351980103,333553386,37,4.78,-61,56,90,25.12,10
76,1520000,351980103,333553418,76,6.51,-22,32,91,25.14,9
77,1540000,351980102,333553448,39,7.13,-29,41,92,25.17,12
78,1560000,351980103,333553479,49,5.56,-84,-11,93,25.12,11
79,1580000,351980122,333553508,27,3.8,131,6,94,25.12,10
80,1600000,351980121,333553538,56,5.66,-28,-14,96,25.14,9
81,1620000,351980121,333553566,84,4.65,-46,32,97,25.11,12
82,1640000,351980128,333553594,108,6.87,49,18,98,25.16,13
83,1660000,351980130,333553622,69,5.07,-6,116,99,25.15,12
84,1680000,351980131,333553649,153,8.23,77,62,100,25.06,14
85,1700000,351980124,333553675,67,6.26,-17,-50,102,25.11,13
86,1720000,351980127,333553701,199,5.13,19,51,103,25.1,13
87,1740000,351980126,333553727,112,5.49,3,103,104,25.15,9
88,1760000,351980141,333553752,93,4.78,8,44,105,25.15,13
89,1780000,351980151,333553776,54,6.56,-14,85,106,25.09,11
90,1800000,351980154,333553800,0,7.88,-7,28,108,25.1,11
91,1820000,351980164,333553823,69,5.83,98,66,109,25.12,13
92,1840000,351980164,333553845,83,7.2,-42,-17,110,25.11,9
93,1860000,351980178,333553867,154,4.96,-34,70,111,25.14,11
94,1880000,351980181,333553888,23,6.46,-22,-40,112,25.15,13
95,1900000,351980190,333553909,155,8.86,32,96,114,25.14,10
96,1920000,351980180,333553929,69,4.41,22,-47,115,25.15,14
97,1940000,351980187,333553949,109,7.57,53,-78,116,25.15,13
98,1960000,351980174,333553968,0,7.5,-81,57,117,25.12,14
99,1980000,351980157,333553986,88,3.84,13,21,118,25.1,13
100,2000000,351980157,333554004,69,4.37,-12,35,120,25.1,10
101,2020000,351980151,333554022,111,4.92,-18,51,121,25.14,11
102,2040000,351980156,333554038,88,7.25,8,28,122,25.14,13
103,2060000,351980182,333554054,40,5.58,-118,-15,123,25.14,14
104,2080000,351980177,333554070,124,5.89,14,40,124,25.1,11
105,2100000,351980174,333554084,115,6.94,6,47,126,25.1,13
106,2120000,351980180,333554099,112,6.23,-86,55,127,25.12,12
107,2140000,351980188,333554112,129,6.36,-7,131,128,25.15,14
108,2160000,351980189,333554125,134,5.71,90,-7,129,25.12,13
109,2180000,351980191,333554137,89,7.44,-24,33,130,25.12,12
110,2200000,351980201,333554149,37,5.16,33,58,132,25.08,9
111,2220000,351980210,333554160,37,8.1,-15,7,133,25.12,14
112,2240000,351980203,333554171,147,5.69,-50,-31,134,25.12,10
113,2260000,351980205,333554180,122,5.13,-56,0,135,25.08,13
114,2280000,351980209,333554190,99,6.87,-25,84,136,25.16,14
115,2300000,351980202,333554198,78,6.63,75,16,138,25.08,11
116,2320000,351980208,333554206,97,3.71,46,61,139,25.13,13
117,2340000,351980202,333554214,98,6.36,-43,-7,140,25.1,9
118,2360000,351980215,333554220,84,4.47,57,52,141,25.11,12
119,2380000,351980221,333554226,71,5.09,-9,-4,142,25.08,13
120,2400000,351980225,333554232,186,7.03,-42,-13,144,25.08,14
121,2420000,351980222,333554237,110,5.05,23,35,145,25.12,11
122,2440000,351980224,333554241,77,6.52,-55,32,146,25.09,14
123,2460000,351980208,333554244,50,5.63,-95,105,147,25.09,14
124,2480000,351980200,333554247,74,8.41,75,-53,148,25.12,9
125,2500000,351980207,333554250,132,5.97,-110,56,150,25.12,14
126,2520000,351980189,333554251,135,4.68,30,112,151,25.1,11
127,2540000,351980201,333554252,97,4.76,-92,99,152,25.1,13
128,2560000,351980186,333554253,108,5.0,-3,10,153,25.14,9
129,2580000,351980197,333554252,95,6.24,-13,-4,154,25.09,12
130,2600000,351980192,333554252,64,6.08,-27,4,156,25.1,9
131,2620000,351980203,333554250,161,7.25,-131,45,157,25.1,12
132,2640000,351980208,333554248,124,6.28,-8,39,158,25.05,11
133,2660000,351980196,333554245,209,6.24,-3,47,159,25.03,12
134,2680000,351980212,333554242,81,6.47,-54,60,160,25.09,9
135,2700000,351980230,333554238,107,5.93,-5,-24,162,25.11,11
136,2720000,351980232,333554233,148,6.43,57,-27,163,25.09,9
137,2740000,351980233,333554228,104,7.02,-44,-32,164,25.07,11
138,2760000,351980235,333554222,59,7.02,13,-38,165,25.07,10
139,2780000,351980228,333554215,77,5.43,-69,24,166,25.11,14
140,2800000,351980242,333554208,120,3.96,21,45,168,25.07,11
141,2820000,351980240,333554201,131,5.11,36,159,169,25.04,9
142,2840000,351980243,333554192,114,6.42,145,57,170,25.1,12
143,2860000,351980239,333554183,159,3.09,52,30,171,25.09,14
144,2880000,351980236,333554174,159,5.51,24,102,172,25.09,9
145,2900000,351980226,333554163,133,6.62,81,-7,174,25.11,9
146,2920000,351980242,333554152,122,5.4,-60,47,175,25.12,9
147,2940000,351980244,333554141,112,4.73,61,79,176,25.09,9
148,2960000,351980257,333554129,145,8.18,-33,70,177,25.07,14
149,2980000,351980260,333554116,160,7.74,-38,50,178,25.01,13
150,3000000,351980257,333554103,127,5.76,63,12,180,25.08,10
151,3020000,351980257,333554089,143,7.66,12,-33,181,25.07,9
152,3040000,351980255,333554075,113,7.63,77,22,182,25.11,9
153,3060000,351980258,333554060,71,4.72,-87,0,183,25.11,12
154,3080000,351980258,333554044,88,9.29,14,65,184,25.09,10
155,3100000,351980258,333554028,159,4.95,-32,23,186,25.11,10
156,3120000,351980247,333554011,147,5.76,-17,58,187,25.07,13
157,3140000,351980243,333553994,194,4.76,-114,-52,188,25.07,14
158,3160000,351980263,333553976,133,6.16,54,79,189,25.04,10
159,3180000,351980259,333553957,167,4.49,11,-13,190,25.06,12
160,3200000,351980252,333553938,186,6.06,-59,-50,192,25.07,10
161,3220000,351980259,333553918,173,7.37,-80,-40,193,25.1,10
162,3240000,351980276,333553898,110,6.32,-52,-2,194,25.04,10
163,3260000,351980265,333553877,128,5.75,81,87,195,25.09,12
164,3280000,351980266,333553855,141,7.92,-7,66,196,25.13,10
165,3300000,351980263,333553834,98,4.99,-20,-30,198,25.02,13
166,3320000,351980249,333553811,157,7.23,27,34,199,25.05,11
167,3340000,351980260,333553788,180,5.7,0,24,200,25.06,14
168,3360000,351980263,333553764,120,6.32,12,-50,201,25.09,13
169,3380000,351980267,333553740,219,6.1,42,-20,202,25.12,9
170,3400000,351980263,333553715,130,6.22,18,-74,204,25.1,13
171,3420000,351980270,333553690,134,6.0,50,-14,205,25.06,14
172,3440000,351980268,333553664,133,5.12,-71,-105,206,25.03,10
173,3460000,351980270,333553638,115,5.38,2,-10,207,25.05,13
174,3480000,351980263,333553611,161,6.59,-21,-17,208,25.05,12
175,3500000,351980254,333553584,146,5.93,5,-10,210,25.06,10
176,3520000,351980270,333553556,213,4.66,-3,-12,211,25.03,9
177,3540000,351980269,333553528,171,5.21,-38,89,212,25.1,12
178,3560000,351980275,333553499,169,5.23,-21,12,213,25.03,9
179,3580000,351980278,333553470,140,5.99,55,42,214,25.07,12
180,3600000,351980277,333553440,93,6.27,-33,68,216,25.06,10
181,3620000,351980275,333553409,147,6.16,-74,76,217,25.02,12
182,3640000,351980285,333553379,117,5.27,34,64,218,25.05,12
183,3660000,351980285,333553347,190,6.07,56,1,219,25.05,10
184,3680000,351980287,333553316,152,4.41,-16,-26,220,25.04,14
185,3700000,351980290,333553283,220,2.59,6,-9,222,25.07,14
186,3720000,351980306,333553251,184,5.98,-49,5,223,25.03,12
187,3740000,351980316,333553218,189,4.06,-12,30,224,25.12,13
188,3760000,351980323,333553184,165,4.91,64,25,225,25.08,12
189,3780000,351980321,333553150,165,4.6,46,86,226,25.02,12
190,3800000,351980310,333553115,184,6.8,8,24,228,24.97,12
191,3820000,351980323,333553081,196,4.59,-16,121,229,25.08,14
192,3840000,351980336,333553045,131,6.37,-96,82,230,25.05,9
193,3860000,351980338,333553010,180,5.45,18,5,231,25.04,11
194,3880000,351980347,333552973,266,4.56,26,74,232,25.01,11
195,3900000,351980358,333552937,158,4.15,61,-117,234,25.0,12
196,3920000,351980369,333552900,153,6.59,118,100,235,24.98,9
197,3940000,351980382,333552862,136,6.5,21,51,236,25.11,12
198,3960000,351980381,333552825,107,6.96,56,50,237,25.08,11
199,3980000,351980399,333552787,213,8.23,-65,-56,238,25.02,12
200,4000000,351980390,333552748,169,6.36,70,158,240,25.09,9
201,4020000,351980402,333552709,179,6.37,50,16,241,24.98,11
202,4040000,351980410,333552670,242,5.88,80,22,242,25.05,11
203,4060000,351980422,333552630,269,6.15,39,87,243,25.05,12
204,4080000,351980444,333552590,134,5.61,26,20,244,25.0,10
205,4100000,351980463,333552550,213,4.95,86,-13,246,25.02,11
206,4120000,351980454,333552509,196,8.42,-38,63,247,25.0,11
207,4140000,351980441,333552468,188,3.79,37,-21,248,25.03,13
208,4160000,351980452,333552427,192,6.33,63,67,249,25.07,14
209,4180000,351980446,333552385,173,6.55,-45,37,250,25.06,11
210,4200000,351980449,333552344,238,6.2,-67,87,252,25.04,13
211,4220000,351980461,333552301,200,4.86,25,-31,253,25.06,11
212,4240000,351980447,333552259,190,5.79,7,93,254,24.97,10
213,4260000,351980430,333552216,227,5.46,35,45,255,25.08,12
214,4280000,351980436,333552173,214,4.73,38,130,256,25.02,10
215,4300000,351980439,333552129,197,5.96,-44,-3,258,24.98,10
216,4320000,351980440,333552086,193,5.52,20,124,259,25.01,10
217,4340000,351980444,333552042,251,5.35,66,65,260,25.0,12
218,4360000,351980439,333551998,202,6.83,-20,70,261,25.02,11
219,4380000,351980427,333551953,179,4.74,-16,-7,262,25.03,14
220,4400000,351980429,333551909,149,6.53,-65,58,264,24.95,14
221,4420000,351980422,333551864,170,5.27,48,64,265,25.05,13
222,4440000,351980409,333551819,143,6.52,114,-12,266,25.07,14
223,4460000,351980417,333551773,190,6.09,-79,-29,267,24.98,12
224,4480000,351980420,333551728,197,6.29,45,-9,268,25.06,12
225,4500000,351980428,333551682,105,4.83,53,104,270,25.05,9
226,4520000,351980421,333551636,189,5.07,-32,38,271,25.04,12
227,4540000,351980418,333551590,215,4.97,-21,77,272,25.06,12
228,4560000,351980411,333551544,196,6.21,-60,44,273,24.97,10
229,4580000,351980406,333551497,152,6.89,-45,35,274,25.03,11
230,4600000,351980411,333551451,242,7.29,10,41,276,24.98,10
231,4620000,351980406,333551404,164,5.4,38,8,277,25.08,11
232,4640000,351980413,333551357,144,6.1,7,92,278,24.98,11
233,4660000,351980420,333551310,151,4.06,50,38,279,24.97,13
234,4680000,351980444,333551263,194,3.34,12,41,280,25.04,10
235,4700000,351980433,333551215,235,4.95,-67,-40,282,25.02,14
236,4720000,351980445,333551168,243,5.19,85,45,283,25.0,13
237,4740000,351980448,333551120,206,4.13,70,-4,284,25.01,12
238,4760000,351980451,333551073,150,3.86,-40,4,285,25.02,11
239,4780000,351980440,333551025,173,6.63,104,82,286,25.05,10
240,4800000,351980438,333550977,164,5.03,28,-25,288,24.98,11
241,4820000,351980449,333550929,193,3.97,8,19,289,24.98,13
242,4840000,351980452,333550881,130,8.77,113,62,290,24.98,14
243,4860000,351980456,333550833,207,6.19,-144,88,291,25.0,11
244,4880000,351980456,333550785,229,5.6,-92,3,292,25.0,11
245,4900000,351980471,333550737,198,6.79,42,46,294,24.96,14
246,4920000,351980474,333550689,223,5.07,-13,44,295,25.0,12
247,4940000,351980456,333550640,168,7.88,-54,-27,296,24.96,13
248,4960000,351980452,333550592,148,4.14,89,-79,297,24.98,13
249,4980000,351980436,333550544,182,4.41,29,-68,298,24.99,11
250,5000000,351980407,333550495,254,5.81,-73,60,300,24.98,9
251,5020000,351980405,333550447,250,5.06,-37,35,301,25.04,13
252,5040000,351980421,333550399,191,7.66,50,-38,302,25.04,10
253,5060000,351980425,333550351,259,4.06,105,-2,303,25.02,12
254,5080000,351980417,333550302,198,5.1,-115,9,304,25.04,10
255,5100000,351980411,333550254,273,6.26,16,11,306,24.98,13
256,5120000,351980425,333550206,232,6.64,-20,28,307,25.03,13
257,5140000,351980430,333550158,196,7.17,-100,142,308,24.98,9
258,5160000,351980434,333550110,246,6.38,-8,-9,309,24.99,14
259,5180000,351980437,333550062,184,8.6,-92,37,310,24.99,10
260,5200000,351980440,333550014,179,5.4,-29,-9,312,24.94,14
261,5220000,351980452,333549966,159,6.17,96,-2,313,24.96,14
262,5240000,351980461,333549918,228,6.99,31,-15,314,24.98,13
263,5260000,351980466,333549871,217,5.58,47,18,315,24.99,9
264,5280000,351980459,333549823,216,5.61,36,1,316,24.98,9
265,5300000,351980468,333549776,204,5.41,22,47,318,24.95,13
266,5320000,351980464,333549728,279,5.19,58,40,319,24.94,14
267,5340000,351980478,333549681,205,4.61,-66,-15,320,24.98,14
268,5360000,351980469,333549634,194,5.29,-19,127,321,24.94,10
269,5380000,351980471,333549587,274,4.1,51,-29,322,24.94,14
270,5400000,351980474,333549541,281,6.41,-40,48,324,24.97,9
271,5420000,351980464,333549494,239,4.05,-23,140,325,24.98,9
272,5440000,351980485,333549447,157,8.42,72,-6,326,24.95,14
273,5460000,351980503,333549401,203,7.99,91,97,327,24.92,9
274,5480000,351980501,333549355,252,7.27,-33,102,328,24.98,13
275,5500000,351980512,333549309,229,5.7,-45,47,330,25.0,11
276,5520000,351980520,333549264,292,5.25,36,-64,331,24.96,12
277,5540000,351980497,333549218,176,7.41,17,102,332,24.96,9
278,5560000,351980503,333549173,258,6.17,-37,34,333,24.9,10
279,5580000,351980505,333549128,207,6.62,37,2,334,24.99,12
280,5600000,351980510,333549083,286,5.09,34,95,336,24.93,11
281,5620000,351980502,333549038,231,7.22,6,-7,337,24.99,12
282,5640000,351980503,333548994,276,4.99,174,84,338,24.95,9
283,5660000,351980504,333548950,210,6.07,81,1,339,24.96,13
284,5680000,351980519,333548906,180,3.88,49,57,340,24.96,12
285,5700000,351980526,333548862,193,5.16,62,-25,342,24.91,13
286,5720000,351980529,333548819,214,6.54,175,9,343,25.04,10
287,5740000,351980548,333548776,198,5.4,66,-16,344,24.91,10
288,5760000,351980546,333548733,288,5.41,-39,-6,345,24.96,9
289,5780000,351980545,333548691,294,6.89,21,39,346,24.93,9
290,5800000,351980530,333548648,252,5.85,6,21,348,24.95,14
291,5820000,351980549,333548607,201,7.43,-30,39,349,25.0,10
292,5840000,351980562,333548565,238,3.05,17,95,350,24.9,11
293,5860000,351980575,333548524,216,6.62,17,24,351,24.95,13
294,5880000,351980585,333548483,303,6.55,0,-65,352,24.97,12
295,5900000,351980589,333548442,258,4.09,-26,15,354,24.96,9
296,5920000,351980595,333548402,266,4.39,51,34,355,24.97,11
297,5940000,351980596,333548362,231,6.99,-91,81,356,24.93,9
298,5960000,351980597,333548323,167,4.66,50,82,357,24.9,10
299,5980000,351980601,333548283,218,5.18,3,78,358,24.91,13
300,6000000,351980619,333548244,205,6.65,18,18,360,24.94,11
301,6020000,351980628,333548206,265,5.54,-136,62,361,24.97,12
302,6040000,351980631,333548168,255,6.51,101,-43,362,24.95,9
303,6060000,351980629,333548130,220,4.9,-98,95,363,25.0,14
304,6080000,351980626,333548093,237,6.29,-48,52,364,24.95,9
305,6100000,351980645,333548056,316,7.23,40,55,366,24.95,13
306,6120000,351980653,333548020,216,6.33,-33,10,367,24.95,12
307,6140000,351980657,333547983,219,3.31,-21,32,368,24.89,14
308,6160000,351980657,333547948,247,6.72,-128,-4,369,24.96,12
309,6180000,351980649,333547913,229,6.01,-23,58,370,24.91,14
310,6200000,351980652,333547878,241,4.85,15,-37,372,24.93,12
311,6220000,351980664,333547843,280,7.6,42,79,373,25.01,9
312,6240000,351980664,333547809,329,3.85,-14,57,374,24.9,11
313,6260000,351980665,333547776,189,8.18,15,133,375,24.94,14
314,6280000,351980666,333547743,261,5.18,28,27,376,24.95,14
315,6300000,351980670,333547710,264,7.82,-36,25,378,24.94,10
316,6320000,351980658,333547678,260,5.88,-41,39,379,24.94,9
317,6340000,351980659,333547646,256,4.35,117,31,380,24.92,9
318,6360000,351980653,333547615,251,6.05,-47,24,381,24.99,12
319,6380000,351980666,333547584,306,6.33,75,-26,382,24.87,14
320,6400000,351980661,333547554,248,6.58,6,-26,384,24.9,10
321,6420000,351980670,333547524,262,7.2,89,1,385,24.98,10
322,6440000,351980689,333547495,268,4.86,-34,15,386,24.95,13
323,6460000,351980689,333547466,273,6.52,33,-30,387,24.91,9
324,6480000,351980686,333547438,263,6.82,22,-29,388,24.9,12
325,6500000,351980692,333547410,310,5.61,-10,15,390,24.92,12
326,6520000,351980695,333547383,271,4.82,20,67,391,25.01,11
327,6540000,351980688,333547356,279,4.79,-42,20,392,24.94,13
328,6560000,351980696,333547330,271,6.83,-2,64,393,24.9,9
329,6580000,351980720,333547305,234,6.89,-20,79,394,24.93,10
330,6600000,351980721,333547279,241,4.94,47,69,396,24.91,12
331,6620000,351980722,333547255,233,4.33,-2,8,397,24.97,14
332,6640000,351980715,333547231,284,7.41,-79,9,398,24.93,10
333,6660000,351980721,333547207,249,4.08,-19,-65,399,24.96,14
334,6680000,351980712,333547184,235,6.12,-3,-4,400,24.93,10
335,6700000,351980704,333547162,288,4.97,-50,53,402,24.98,12
336,6720000,351980720,333547140,301,3.84,80,-25,403,24.93,13
337,6740000,351980715,333547119,210,6.08,26,99,404,24.93,10
338,6760000,351980729,333547098,349,5.71,52,103,405,24.89,13
339,6780000,351980747,333547078,283,7.65,-42,11,406,24.9,10
340,6800000,351980753,333547058,279,8.65,-20,77,408,24.93,9
341,6820000,351980762,333547039,326,5.71,62,-42,409,24.9,10
342,6840000,351980785,333547020,287,7.16,-81,-23,410,24.99,12
343,6860000,351980787,333547003,261,7.18,24,10,411,24.91,11
344,6880000,351980784,333546985,374,5.31,7,30,412,24.89,12
345,6900000,351980774,333546968,244,4.9,-26,20,414,24.94,11
346,6920000,351980777,333546952,284,7.86,8,-14,415,24.9,10
347,6940000,351980796,333546937,323,5.5,-60,130,416,24.92,10
348,6960000,351980809,333546922,247,5.9,15,44,417,24.91,9
349,6980000,351980802,333546907,286,5.59,-68,44,418,24.89,11
350,7000000,351980797,333546894,307,5.77,-72,64,420,24.95,9
351,7020000,351980796,333546881,388,5.21,85,38,421,24.91,10
352,7040000,351980802,333546868,257,6.83,-38,18,422,24.94,11
353,7060000,351980803,333546856,292,7.43,-121,1,423,24.9,14
354,7080000,351980809,333546845,321,5.49,60,-53,424,24.86,12
355,7100000,351980815,333546834,299,4.28,-42,106,426,24.87,14
356,7120000,351980815,333546824,248,5.99,-204,-17,427,24.89,14
357,7140000,351980818,333546814,313,4.16,0,-54,428,24.9,11
358,7160000,351980824,333546805,302,5.17,57,-11,429,24.9,9
359,7180000,351980826,333546797,317,7.4,23,-51,430,24.92,9
360,7200000,351980834,333546789,345,8.7,104,131,432,24.86,13
361,7220000,351980856,333546782,341,6.38,-4,48,433,24.91,10
362,7240000,351980866,333546776,318,4.66,38,101,434,24.86,10
363,7260000,351980870,333546770,315,6.86,-56,104,435,24.88,13
364,7280000,351980856,333546765,259,3.25,12,59,436,24.97,9
365,7300000,351980863,333546761,298,5.1,93,59,438,24.93,14
366,7320000,351980847,333546757,313,7.75,32,-6,439,24.88,14
367,7340000,351980836,333546753,289,6.82,12,25,440,24.95,13
368,7360000,351980848,333546751,310,4.28,-113,0,441,24.94,14
369,7380000,351980859,333546749,274,3.95,-19,32,442,24.92,9
370,7400000,351980860,333546747,369,6.95,-73,-5,444,24.94,14
371,7420000,351980847,333546746,395,5.88,48,94,445,24.88,11
372,7440000,351980846,333546746,294,5.22,-40,69,446,24.89,13
373,7460000,351980843,333546747,326,6.43,24,24,447,24.86,9
374,7480000,351980853,333546748,302,5.25,-56,-55,448,24.91,10
375,7500000,351980878,333546750,363,3.64,114,64,450,24.85,12
376,7520000,351980884,333546752,330,6.9,-66,75,451,24.87,10
377,7540000,351980880,333546755,317,5.16,10,26,452,24.9,11
378,7560000,351980871,333546759,306,4.73,157,-34,453,24.87,14
379,7580000,351980874,333546763,320,4.34,15,52,454,24.89,11
380,7600000,351980876,333546768,276,6.23,-48,83,456,24.94,12
381,7620000,351980867,333546774,344,4.97,39,-67,457,24.85,10
382,7640000,351980872,333546780,289,6.68,61,58,458,24.92,9
383,7660000,351980864,333546787,340,5.61,54,-62,459,24.86,9
384,7680000,351980878,333546794,325,7.22,-113,34,460,24.85,11
385,7700000,351980892,333546802,364,5.47,15,119,462,24.89,13
386,7720000,351980906,333546811,321,5.15,-122,34,463,24.91,12
387,7740000,351980905,333546820,363,3.58,114,54,464,24.86,11
388,7760000,351980913,333546830,286,4.62,7,13,465,24.85,9
389,7780000,351980915,333546841,348,6.79,-24,29,466,24.86,9
390,7800000,351980915,333546852,316,9.58,42,149,468,24.85,10
391,7820000,351980915,333546864,333,4.44,31,98,469,24.88,10
392,7840000,351980905,333546876,329,4.69,-67,13,470,24.85,11
393,7860000,351980894,333546889,365,6.34,98,10,471,24.86,9
394,7880000,351980905,333546903,247,6.5,-11,30,472,24.88,14
395,7900000,351980907,333546917,342,5.12,-101,141,474,24.86,14
396,7920000,351980912,333546932,270,6.03,85,40,475,24.9,9
397,7940000,351980926,333546947,379,4.01,93,86,476,24.85,10
398,7960000,351980912,333546964,252,5.58,77,11,477,24.85,10
399,7980000,351980907,333546980,292,7.01,35,-34,478,24.93,14
400,8000000,351980912,333546998,266,7.88,-49,97,480,24.91,12
401,8020000,351980919,333547016,399,5.73,58,26,481,24.87,14
402,8040000,351980919,333547034,283,5.62,113,-9,482,24.89,11
403,8060000,351980933,333547053,340,6.47,51,-5,483,24.87,9
404,8080000,351980938,333547073,315,7.26,97,-4,484,24.85,13
405,8100000,351980929,333547093,265,6.52,-43,0,486,24.88,13
406,8120000,351980923,333547114,324,5.04,63,-48,487,24.87,12
407,8140000,351980935,333547136,365,6.36,58,91,488,24.9,10
408,8160000,351980943,333547158,332,7.09,-85,49,489,24.8,13
409,8180000,351980927,333547180,378,5.08,-93,79,490,24.88,13
410,8200000,351980944,333547203,327,4.34,-39,12,492,24.86,11
411,8220000,351980953,333547227,342,6.54,7,47,493,24.84,14
412,8240000,351980970,333547252,328,6.37,29,38,494,24.84,11
413,8260000,351980969,333547276,358,7.09,-10,89,495,24.84,11
414,8280000,351980970,333547302,421,6.04,0,71,496,24.82,11
415,8300000,351980962,333547328,360,5.17,-3,48,498,24.84,10
416,8320000,351980990,333547354,354,5.41,8,-3,499,24.88,12
417,8340000,351980992,333547382,322,4.71,37,-31,500,24.81,12
418,8360000,351981011,333547409,318,4.81,32,-10,501,24.84,12
419,8380000,351981008,333547437,407,5.27,0,-2,502,24.78,12
420,8400000,351981013,333547466,305,5.36,18,2,504,24.83,12
421,8420000,351981000,333547496,314,7.27,-23,-32,505,24.86,10
422,8440000,351980999,333547525,347,4.47,50,114,506,24.85,9
423,8460000,351981012,333547556,335,5.88,-26,43,507,24.85,12
424,8480000,351981003,333547587,431,5.23,100,-72,508,24.81,14
425,8500000,351981017,333547618,259,7.71,1,-25,510,24.86,12
426,8520000,351981024,333547650,369,6.25,19,-38,511,24.82,10
427,8540000,351981017,333547682,384,5.49,-42,42,512,24.87,11
428,8560000,351981015,333547715,311,6.91,-17,84,513,24.85,14
429,8580000,351981014,333547748,331,6.02,12,-20,514,24.83,11
430,8600000,351981017,333547782,375,5.37,4,61,516,24.89,11
431,8620000,351981015,333547817,424,7.77,-33,15,517,24.83,14
432,8640000,351981010,333547852,323,6.79,-65,88,518,24.87,10
433,8660000,351981010,333547887,297,8.01,5,99,519,24.84,12
434,8680000,351981003,333547923,400,7.32,12,45,520,24.84,13
435,8700000,351980994,333547959,423,6.87,35,66,522,24.87,11
436,8720000,351980996,333547996,350,6.1,77,29,523,24.85,11
437,8740000,351981009,333548033,275,4.65,-15,11,524,24.84,12
438,8760000,351980997,333548070,423,6.79,-115,-29,525,24.83,12
439,8780000,351981000,333548108,358,6.03,-5,46,526,24.84,12
440,8800000,351980997,333548147,411,6.75,-106,26,528,24.84,11
441,8820000,351980990,333548186,365,5.93,-73,10,529,24.82,14
442,8840000,351981002,333548225,353,5.12,64,26,530,24.8,11
443,8860000,351981000,333548265,351,4.74,36,20,531,24.75,11
444,8880000,351981019,333548305,429,6.78,-35,-22,532,24.83,11
445,8900000,351981014,333548346,428,7.49,-34,3,534,24.82,13
446,8920000,351981021,333548387,286,5.6,-2,87,535,24.86,9
447,8940000,351981023,333548428,335,6.49,-101,18,536,24.84,9
448,8960000,351981018,333548470,444,7.6,31,100,537,24.86,14
449,8980000,351981028,333548512,359,4.95,-17,-28,538,24.88,13
450,9000000,351981029,333548555,320,5.54,112,-38,540,24.82,13
451,9020000,351981039,333548598,376,4.61,-59,36,541,24.8,13
452,9040000,351981042,333548641,372,7.35,63,69,542,24.85,13
453,9060000,351981034,333548685,373,6.26,-37,-3,543,24.8,9
454,9080000,351981036,333548729,359,5.4,64,61,544,24.81,12
455,9100000,351981040,333548773,366,3.97,-55,77,546,24.86,12
456,9120000,351981053,333548818,361,5.73,47,84,547,24.84,12
457,9140000,351981047,333548863,394,7.14,-22,24,548,24.85,9
458,9160000,351981050,333548908,349,5.6,-45,27,549,24.78,14
459,9180000,351981036,333548954,371,5.44,-5,-53,550,24.82,14
460,9200000,351981046,333549000,377,6.71,31,31,552,24.85,10
461,9220000,351981039,333549046,436,4.48,27,44,553,24.78,12
462,9240000,351981024,333549092,400,6.01,97,101,554,24.82,11
463,9260000,351981027,333549139,381,6.66,52,-34,555,24.83,9
464,9280000,351981041,333549186,408,5.02,-154,-12,556,24.74,9
465,9300000,351981029,333549234,403,4.96,-20,-20,558,24.86,13
466,9320000,351981022,333549281,431,6.25,-115,75,559,24.79,14
467,9340000,351981018,333549329,409,5.83,-19,-98,560,24.81,10
468,9360000,351981010,333549378,461,5.67,40,-24,561,24.86,9
469,9380000,351981017,333549426,444,6.2,-76,134,562,24.76,9
470,9400000,351981012,333549475,390,6.22,-67,63,564,24.82,12
471,9420000,351981008,333549524,376,4.85,11,-37,565,24.79,12
472,9440000,351981017,333549573,428,5.16,-13,26,566,24.81,9
473,9460000,351981013,333549622,414,6.49,97,72,567,24.78,13
474,9480000,351981021,333549672,391,7.29,22,57,568,24.85,9
475,9500000,351981014,333549721,336,7.57,35,18,570,24.77,13
476,9520000,351981006,333549771,323,4.95,107,-10,571,24.81,13
477,9540000,351980991,333549821,411,7.26,-26,72,572,24.82,13
478,9560000,351981013,333549872,429,6.86,3,29,573,24.8,11
479,9580000,351981013,333549922,431,5.92,-55,70,574,24.79,13
480,9600000,351981018,333549973,348,6.54,18,50,576,24.79,14
481,9620000,351981022,333550024,442,6.94,65,6,577,24.83,11
482,9640000,351981026,333550075,380,8.09,85,102,578,24.81,14
483,9660000,351981030,333550126,418,4.7,1,4,579,24.8,10
484,9680000,351981053,333550177,420,6.67,-39,51,580,24.76,9
485,9700000,351981046,333550228,372,5.79,-42,-1,582,24.8,11
486,9720000,351981033,333550280,381,5.71,-79,18,583,24.81,9
487,9740000,351981027,333550331,323,7.32,10,17,584,24.79,13
488,9760000,351981017,333550383,370,6.93,84,-3,585,24.84,13
489,9780000,351981027,333550435,335,4.75,-138,42,586,24.74,9
490,9800000,351981039,333550487,425,5.62,-126,96,588,24.87,10
491,9820000,351981033,333550539,411,6.23,87,123,589,24.79,9
492,9840000,351981022,333550591,446,4.28,-92,102,590,24.76,11
493,9860000,351981022,333550643,425,6.99,23,21,591,24.74,14
494,9880000,351981039,333550695,386,5.87,-71,103,592,24.81,13
495,9900000,351981014,333550747,426,6.15,50,51,594,24.8,9
496,9920000,351981023,333550799,397,6.36,50,120,595,24.78,12
497,9940000,351981015,333550851,438,8.11,13,-33,596,24.78,12
498,9960000,351981029,333550904,427,6.01,53,104,597,24.79,10
499,9980000,351981022,333550956,376,5.54,6,0,598,24.77,14
500,10000000,351981022,333551008,416,8.03,37,88,600,24.82,13
501,10020000,351981010,333551060,419,5.37,112,6,601,24.8,12
502,10040000,351981004,333551113,406,5.34,69,76,602,24.78,9
503,10060000,351981021,333551165,455,4.31,-35,15,603,24.73,13
504,10080000,351981033,333551217,488,7.25,-44,-64,605,24.82,10
505,10100000,351981032,333551269,406,6.29,-10,-18,606,24.76,9
506,10120000,351981027,333551322,407,6.52,-9,17,607,24.75,12
507,10140000,351981011,333551374,332,6.16,8,31,608,24.82,13
508,10160000,351981011,333551426,418,5.8,-32,-82,609,24.79,9
509,10180000,351981014,333551478,406,5.03,43,-30,611,24.72,12
510,10200000,351981016,333551530,338,5.04,6,-6,612,24.73,10
511,10220000,351981018,333551581,437,6.48,25,19,613,24.76,12
512,10240000,351981011,333551633,450,6.11,4,41,614,24.74,11
513,10260000,351981013,333551685,398,7.9,40,-11,615,24.77,10
514,10280000,351981016,333551736,413,5.06,-67,-46,617,24.85,14
515,10300000,351981032,333551788,390,5.39,98,45,618,24.86,12
516,10320000,351981054,333551839,460,4.75,24,13,619,24.77,11
517,10340000,351981056,333551890,370,7.6,31,74,620,24.79,13
518,10360000,351981052,333551941,419,4.5,40,3,621,24.8,13
519,10380000,351981055,333551992,510,6.88,69,62,623,24.76,14
520,10400000,351981052,333552043,435,7.67,48,-14,624,24.72,12
521,10420000,351981048,333552094,453,5.8,18,43,625,24.8,9
522,10440000,351981051,333552144,429,6.83,-6,34,626,24.76,12
523,10460000,351981044,333552194,389,3.44,-94,52,627,24.78,14
524,10480000,351981053,333552244,435,5.51,17,-17,629,24.78,9
525,10500000,351981055,333552294,453,4.0,-14,23,630,24.74,13
526,10520000,351981061,333552344,397,6.17,-14,-12,631,24.81,9
527,10540000,351981063,333552393,452,5.98,148,21,632,24.76,12
528,10560000,351981059,333552443,489,5.05,-107,61,633,24.77,11
529,10580000,351981053,333552492,483,7.09,7,180,635,24.75,13
530,10600000,351981053,333552541,378,6.39,77,31,636,24.78,9
531,10620000,351981051,333552589,403,5.35,62,66,637,24.79,13
532,10640000,351981057,333552638,378,5.36,78,35,638,24.74,10
533,10660000,351981060,333552686,487,4.22,-71,87,639,24.77,12
534,10680000,351981050,333552733,469,5.75,-53,53,641,24.74,9
535,10700000,351981054,333552781,474,8.48,41,82,642,24.72,14
536,10720000,351981044,333552828,411,5.13,-13,47,643,24.74,10
537,10740000,351981041,333552875,400,6.47,107,150,644,24.77,14
538,10760000,351981041,333552922,451,5.32,18,99,645,24.77,10
539,10780000,351981024,333552969,453,6.92,16,-55,647,24.78,13
540,10800000,351981028,333553015,415,6.49,31,45,648,24.73,11
541,10820000,351981033,333553061,456,5.69,-11,34,649,24.74,10
542,10840000,351981035,333553106,477,3.85,11,-80,650,24.75,10
543,10860000,351981034,333553151,461,5.36,-35,-13,651,24.77,11
544,10880000,351981034,333553196,411,7.39,2,6,653,24.74,10
545,10900000,351981027,333553241,369,5.68,-24,-6,654,24.72,14
546,10920000,351981028,333553285,444,6.72,20,36,655,24.7,12
547,10940000,351981026,333553329,462,5.4,-80,-60,656,24.78,12
548,10960000,351981030,333553372,446,3.76,-84,67,657,24.78,9
549,10980000,351981021,333553416,440,6.48,32,69,659,24.72,10
550,11000000,351981027,333553458,430,6.35,18,47,660,24.79,14
551,11020000,351981032,333553501,487,5.28,-52,13,661,24.74,13
552,11040000,351981034,333553543,458,5.53,-8,30,662,24.75,11
553,11060000,351981032,333553585,465,6.31,-57,6,663,24.78,10
554,11080000,351981041,333553626,422,5.27,127,87,665,24.72,9
555,11100000,351981028,333553667,437,6.38,-88,55,666,24.71,14
556,11120000,351981036,333553707,470,5.73,107,130,667,24.68,11
557,11140000,351981042,333553747,424,3.17,-44,11,668,24.75,12
558,11160000,351981048,333553787,414,5.8,30,103,669,24.75,10
559,11180000,351981055,333553826,452,5.26,-10,1,671,24.76,14
560,11200000,351981052,333553865,514,4.98,-17,21,672,24.75,11
561,11220000,351981053,333553903,475,6.45,61,-22,673,24.74,10
562,11240000,351981062,333553941,526,5.39,54,56,674,24.77,11
563,11260000,351981070,333553979,464,6.61,-12,27,675,24.7,14
564,11280000,351981075,333554016,457,7.27,-49,61,677,24.74,11
565,11300000,351981064,333554052,415,6.14,129,105,678,24.74,10
566,11320000,351981072,333554088,448,4.14,89,27,679,24.72,14
567,11340000,351981087,333554124,530,5.1,13,49,680,24.78,9
568,11360000,351981101,333554159,486,7.06,-12,75,681,24.74,12
569,11380000,351981106,333554194,503,5.67,22,27,683,24.77,13
570,11400000,351981094,333554228,503,5.02,10,2,684,24.75,11
571,11420000,351981107,333554262,475,5.87,77,48,685,24.72,14
572,11440000,351981109,333554295,468,6.57,-52,55,686,24.78,9
573,11460000,351981087,333554328,482,6.28,6,69,687,24.76,14
574,11480000,351981094,333554360,505,6.74,-41,72,689,24.72,14
575,11500000,351981082,333554392,497,5.0,83,-3,690,24.72,9
576,11520000,351981073,333554423,499,5.65,113,52,691,24.69,12
577,11540000,351981070,333554453,487,5.68,0,92,692,24.71,12
578,11560000,351981086,333554484,451,5.95,37,7,693,24.71,11
579,11580000,351981085,333554513,472,3.49,89,48,695,24.72,13
580,11600000,351981091,333554542,445,5.69,-12,0,696,24.7,12
581,11620000,351981112,333554571,524,4.38,-50,38,697,24.73,10
582,11640000,351981131,333554599,401,7.62,67,117,698,24.71,14
583,11660000,351981134,333554626,477,7.82,35,39,699,24.67,13
584,11680000,351981135,333554653,582,7.97,-7,-18,701,24.7,11
585,11700000,351981125,333554680,474,6.94,93,47,702,24.69,11
586,11720000,351981122,333554706,443,5.4,19,41,703,24.67,11
587,11740000,351981129,333554731,488,7.11,-101,86,704,24.7,14
588,11760000,351981137,333554756,541,5.74,26,-38,705,24.74,11
589,11780000,351981141,333554780,484,6.7,1,-15,707,24.68,12
590,11800000,351981154,333554803,516,4.91,118,26,708,24.65,10
591,11820000,351981150,333554826,496,5.28,4,-47,709,24.7,11
592,11840000,351981153,333554849,478,6.53,-6,87,710,24.8,11
593,11860000,351981163,333554871,620,8.08,31,-71,711,24.69,12
594,11880000,351981173,333554892,498,5.95,20,-11,713,24.71,12
595,11900000,351981187,333554913,474,8.65,-79,-43,714,24.69,11
596,11920000,351981194,333554933,477,9.25,12,-2,715,24.73,11
597,11940000,351981194,333554952,512,4.46,-14,70,716,24.75,11
598,11960000,351981201,333554971,514,5.95,89,60,717,24.7,11
599,11980000,351981194,333554990,530,4.85,149,76,719,24.74,13
600,12000000,351981181,333555007,505,5.81,-61,60,720,24.67,12
601,12020000,351981191,333555024,443,5.35,-52,-71,721,24.71,10
602,12040000,351981193,333555041,523,5.9,-45,45,722,24.66,13
603,12060000,351981200,333555057,490,7.12,-33,-62,723,24.7,9
604,12080000,351981186,333555072,492,7.09,-35,5,725,24.68,9
605,12100000,351981186,333555087,445,6.29,8,10,726,24.7,13
606,12120000,351981183,333555101,482,5.98,70,3,727,24.66,10
607,12140000,351981178,333555114,476,6.12,-72,55,728,24.7,11
608,12160000,351981159,333555127,505,6.13,-86,-10,729,24.7,10
609,12180000,351981159,333555139,449,6.66,-104,117,731,24.68,14
610,12200000,351981171,333555151,510,5.99,71,60,732,24.67,14
611,12220000,351981178,333555162,514,6.58,85,89,733,24.66,9
612,12240000,351981175,333555172,465,4.43,-86,68,734,24.68,12
613,12260000,351981179,333555182,486,6.92,-92,75,735,24.7,13
614,12280000,351981189,333555191,477,8.05,13,28,737,24.68,10
615,12300000,351981165,333555200,548,6.2,71,128,738,24.69,10
616,12320000,351981167,333555208,412,4.3,66,-22,739,24.73,9
617,12340000,351981176,333555215,500,7.59,17,53,740,24.68,13
618,12360000,351981186,333555221,448,5.59,46,30,741,24.69,14
619,12380000,351981207,333555227,498,2.44,25,19,743,24.71,10
620,12400000,351981221,333555233,550,5.72,-27,46,744,24.7,11
621,12420000,351981228,333555237,492,6.7,120,-7,745,24.69,9
622,12440000,351981234,333555241,524,6.44,5,73,746,24.68,14
623,12460000,351981245,333555245,485,7.46,-61,69,747,24.74,12
624,12480000,351981243,333555248,597,6.72,-22,35,749,24.68,13
625,12500000,351981246,333555250,557,6.13,-86,67,750,24.67,10
626,12520000,351981258,333555251,566,3.64,6,-21,751,24.7,13
627,12540000,351981281,333555252,469,4.66,71,-60,752,24.73,13
628,12560000,351981283,333555253,479,6.2,-70,1,753,24.72,13
629,12580000,351981286,333555252,567,6.79,73,18,755,24.68,12
630,12600000,351981291,333555251,517,4.76,131,155,756,24.7,12
631,12620000,351981308,333555250,515,5.26,28,18,757,24.69,14
632,12640000,351981311,333555248,540,6.54,-63,82,758,24.68,11
633,12660000,351981329,333555245,477,3.72,-45,72,759,24.69,13
634,12680000,351981323,333555241,559,3.67,-14,136,761,24.69,13
635,12700000,351981324,333555237,530,5.71,-71,36,762,24.68,11
636,12720000,351981326,333555232,549,6.28,-69,63,763,24.72,14
637,12740000,351981337,333555227,504,5.42,-9,20,764,24.66,12
638,12760000,351981351,333555221,552,3.26,-5,-12,765,24.71,11
639,12780000,351981339,333555214,504,6.01,42,-19,767,24.73,9
640,12800000,351981333,333555207,571,4.41,-66,-8,768,24.73,10
641,12820000,351981340,333555199,579,6.76,118,102,769,24.67,9
642,12840000,351981336,333555191,571,5.86,69,44,770,24.66,11
643,12860000,351981325,333555182,556,6.3,59,22,771,24.62,10
644,12880000,351981338,333555172,562,6.75,-33,31,773,24.66,11
645,12900000,351981347,333555162,429,5.36,110,2,774,24.74,12
646,12920000,351981355,333555151,571,6.97,-14,28,775,24.62,10
647,12940000,351981353,333555139,528,7.46,114,28,776,24.61,14
648,12960000,351981367,333555127,543,6.46,70,63,777,24.69,14
649,12980000,351981368,333555114,529,7.56,-48,76,779,24.68,9
650,13000000,351981382,333555101,486,5.24,-21,-51,780,24.6,14
651,13020000,351981377,333555087,521,7.07,118,42,781,24.66,10
652,13040000,351981371,333555072,569,6.31,65,99,782,24.67,14
653,13060000,351981377,333555057,601,4.81,-3,-20,783,24.61,9
654,13080000,351981373,333555041,520,5.89,17,17,785,24.68,11
655,13100000,351981383,333555025,509,5.36,17,38,786,24.61,13
656,13120000,351981389,333555008,604,5.33,-40,85,787,24.69,12
657,13140000,351981383,333554991,512,6.09,-6,60,788,24.66,14
658,13160000,351981387,333554972,631,7.25,-33,19,789,24.63,10
659,13180000,351981387,333554954,551,5.61,-20,55,791,24.6,12
660,13200000,351981400,333554935,514,6.13,33,82,792,24.64,10
661,13220000,351981397,333554915,590,4.24,-51,50,793,24.65,10
662,13240000,351981395,333554894,619,6.11,49,123,794,24.65,12
663,13260000,351981411,333554873,495,7.36,12,51,795,24.63,13
664,13280000,351981437,333554852,615,6.95,51,-22,797,24.64,13
665,13300000,351981460,333554830,543,6.55,59,-8,798,24.67,10
666,13320000,351981464,333554807,614,5.36,80,23,799,24.62,14
667,13340000,351981469,333554784,540,4.83,43,20,800,24.64,12
668,13360000,351981488,333554760,493,5.87,48,61,801,24.66,11
669,13380000,351981490,333554736,577,4.4,-5,48,803,24.64,13
670,13400000,351981484,333554711,595,4.52,39,116,804,24.67,13
671,13420000,351981488,333554686,643,7.11,-48,71,805,24.69,11
672,13440000,351981496,333554660,629,4.9,-9,104,806,24.63,12
673,13460000,351981491,333554634,588,8.12,50,-7,807,24.65,10
674,13480000,351981478,333554607,552,4.29,2,9,809,24.55,14
675,13500000,351981467,333554579,541,6.5,32,64,810,24.63,9
676,13520000,351981477,333554551,551,4.59,-57,35,811,24.66,13
677,13540000,351981473,333554523,531,6.19,87,62,812,24.6,14
678,13560000,351981475,333554494,554,4.75,-28,43,813,24.68,13
679,13580000,351981480,333554465,464,6.03,29,0,815,24.58,9
680,13600000,351981490,333554435,574,5.8,4,115,816,24.67,13
681,13620000,351981490,333554404,566,5.45,61,87,817,24.62,13
682,13640000,351981498,333554373,671,6.59,-17,-47,818,24.6,12
683,13660000,351981492,333554342,599,7.78,-54,0,819,24.62,14
684,13680000,351981492,333554310,550,5.28,-108,31,821,24.62,9
685,13700000,351981485,333554278,593,7.04,-12,64,822,24.6,11
686,13720000,351981500,333554245,522,6.09,-66,27,823,24.59,13
687,13740000,351981503,333554212,548,5.95,37,-37,824,24.61,9
688,13760000,351981499,333554178,498,8.59,92,72,825,24.66,11
689,13780000,351981499,333554144,631,3.41,-128,20,827,24.64,13
690,13800000,351981500,333554110,598,5.18,-71,90,828,24.67,12
691,13820000,351981510,333554075,529,3.83,24,45,829,24.61,10
692,13840000,351981498,333554039,574,5.61,79,80,830,24.61,9
693,13860000,351981490,333554004,615,5.71,24,72,831,24.61,11
694,13880000,351981490,333553967,598,10.52,25,75,833,24.63,12
695,13900000,351981519,333553931,594,6.4,36,5,834,24.64,10
696,13920000,351981532,333553894,545,8.12,40,82,835,24.67,10
697,13940000,351981534,333553856,555,7.53,104,41,836,24.64,13
698,13960000,351981544,333553818,585,5.46,42,-31,837,24.62,13
699,13980000,351981568,333553780,619,6.56,-68,11,839,24.66,13
700,14000000,351981569,333553742,550,7.97,-22,14,840,24.59,10
701,14020000,351981569,333553703,539,6.19,18,54,841,24.58,12
702,14040000,351981584,333553663,630,6.23,-43,65,842,24.64,13
703,14060000,351981593,333553624,548,6.58,-10,-24,843,24.62,12
704,14080000,351981603,333553584,629,4.2,-25,67,845,24.62,10
705,14100000,351981601,333553543,597,5.02,-36,27,846,24.64,13
706,14120000,351981623,333553503,623,6.39,47,-21,847,24.6,12
707,14140000,351981644,333553462,659,6.63,-17,72,848,24.61,10
708,14160000,351981653,333553420,617,4.89,-60,-6,849,24.62,12
709,14180000,351981663,333553379,622,5.6,-37,-28,851,24.63,10
710,14200000,351981646,333553337,555,5.84,7,68,852,24.64,14
711,14220000,351981656,333553294,564,5.81,132,76,853,24.61,10
712,14240000,351981657,333553252,619,6.81,21,-1,854,24.61,11
713,14260000,351981665,333553209,655,6.11,95,83,855,24.53,10
714,14280000,351981675,333553166,650,6.18,35,81,857,24.64,14
715,14300000,351981675,333553122,688,4.3,-123,5,858,24.56,11
716,14320000,351981661,333553079,609,4.73,28,130,859,24.6,10
717,14340000,351981668,333553035,605,6.37,-45,28,860,24.68,9
718,14360000,351981664,333552990,638,4.09,-76,42,861,24.59,14
719,14380000,351981664,333552946,600,6.3,-59,-87,863,24.55,14
720,14400000,351981662,333552901,597,5.2,113,62,864,24.65,13
721,14420000,351981662,333552856,559,5.02,-89,0,865,24.58,9
722,14440000,351981642,333552811,641,6.75,-31,53,866,24.59,13
723,14460000,351981657,333552766,559,5.18,75,-54,867,24.59,14
724,14480000,351981663,333552720,624,4.96,45,89,869,24.62,12
725,14500000,351981678,333552674,547,5.18,-97,104,870,24.62,13
726,14520000,351981701,333552629,649,6.05,-1,125,871,24.59,14
727,14540000,351981704,333552582,564,9.25,-25,-116,872,24.63,12
728,14560000,351981690,333552536,640,3.46,-6,60,873,24.57,9
729,14580000,351981684,333552490,544,5.96,50,48,875,24.61,12
730,14600000,351981675,333552443,590,5.69,-29,-119,876,24.57,11
731,14620000,351981674,333552396,656,7.11,-13,-5,877,24.61,13
732,14640000,351981678,333552349,577,5.54,93,27,878,24.57,14
733,14660000,351981661,333552302,613,3.04,-105,102,879,24.58,10
734,14680000,351981668,333552255,592,7.56,-16,-10,881,24.63,14
735,14700000,351981656,333552207,520,4.68,33,41,882,24.55,13
736,14720000,351981662,333552160,625,5.9,-69,28,883,24.55,11
737,14740000,351981665,333552112,631,4.35,-32,49,884,24.6,11
738,14760000,351981665,333552065,570,4.67,-73,11,885,24.58,13
739,14780000,351981667,333552017,638,5.38,14,76,887,24.57,13
740,14800000,351981665,333551969,585,7.0,-32,80,888,24.58,13
741,14820000,351981663,333551921,577,6.98,53,-36,889,24.65,12
742,14840000,351981649,333551873,618,5.26,67,87,890,24.55,10
743,14860000,351981652,333551825,592,6.57,8,-5,891,24.57,14
744,14880000,351981674,333551777,711,5.53,-17,18,893,24.59,12
745,14900000,351981697,333551729,558,6.11,21,88,894,24.55,12
746,14920000,351981714,333551680,651,6.16,8,36,895,24.58,12
747,14940000,351981724,333551632,662,6.71,-68,60,896,24.59,12
748,14960000,351981721,333551584,544,5.24,70,71,897,24.55,13
749,14980000,351981738,333551536,555,5.81,19,61,899,24.61,10
750,15000000,351981741,333551487,647,6.23,53,5,900,24.54,9
751,15020000,351981744,333551439,606,6.08,-76,-15,901,24.57,14
752,15040000,351981744,333551391,642,5.02,58,66,902,24.58,9
753,15060000,351981748,333551343,673,8.02,132,70,903,24.67,9
754,15080000,351981747,333551294,613,5.42,42,50,905,24.52,9
755,15100000,351981750,333551246,586,6.87,-82,22,906,24.58,9
756,15120000,351981742,333551198,521,6.21,7,75,907,24.65,9
757,15140000,351981742,333551150,639,7.42,1,30,908,24.55,11
758,15160000,351981768,333551102,594,3.36,18,-35,909,24.6,10
759,15180000,351981771,333551054,645,8.41,-8,46,911,24.57,14
760,15200000,351981772,333551006,642,5.71,35,57,912,24.52,12
761,15220000,351981780,333550958,578,4.5,-22,71,913,24.58,10
762,15240000,351981791,333550910,704,6.12,19,-12,914,24.54,12
763,15260000,351981783,333550863,679,8.66,-36,-4,915,24.57,9
764,15280000,351981784,333550815,670,6.57,11,49,917,24.52,14
765,15300000,351981797,333550768,590,4.5,65,10,918,24.58,10
766,15320000,351981803,333550721,622,5.41,-24,29,919,24.49,11
767,15340000,351981807,333550673,617,7.56,45,79,920,24.56,13
768,15360000,351981826,333550626,623,4.29,-48,52,921,24.6,10
769,15380000,351981823,333550579,596,5.75,-17,123,923,24.57,13
770,15400000,351981827,333550533,659,5.61,-9,47,924,24.55,9
771,15420000,351981825,333550486,651,8.55,80,118,925,24.55,9
772,15440000,351981843,333550440,658,5.62,-41,85,926,24.54,9
773,15460000,351981827,333550394,624,7.53,78,159,927,24.64,11
774,15480000,351981824,333550347,696,5.16,-83,33,929,24.55,9
775,15500000,351981822,333550302,653,5.01,-4,28,930,24.55,11
776,15520000,351981832,333550256,537,7.16,60,98,931,24.53,10
777,15540000,351981841,333550210,622,6.71,47,7,932,24.54,10
778,15560000,351981858,333550165,646,3.9,-55,10,933,24.57,12
779,15580000,351981846,333550120,687,6.73,-68,45,935,24.53,9
780,15600000,351981857,333550075,638,6.73,58,52,936,24.53,13
781,15620000,351981857,333550031,641,5.23,-71,-36,937,24.53,10
782,15640000,351981854,333549986,625,6.23,40,46,938,24.54,14
783,15660000,351981863,333549942,679,6.28,-26,18,939,24.55,11
784,15680000,351981857,333549899,635,5.38,4,32,941,24.53,12
785,15700000,351981839,333549855,630,5.27,145,42,942,24.54,12
786,15720000,351981839,333549812,625,5.16,99,24,943,24.52,10
787,15740000,351981827,333549769,678,5.64,56,87,944,24.58,12
788,15760000,351981824,333549726,635,4.38,-78,58,945,24.55,9
789,15780000,351981831,333549684,590,5.91,24,24,947,24.53,12
790,15800000,351981838,333549641,683,4.18,8,38,948,24.55,9
791,15820000,351981857,333549600,631,6.05,-1,85,949,24.54,11
792,15840000,351981858,333549558,674,5.86,86,73,950,24.49,10
793,15860000,351981846,333549517,676,4.73,-99,97,951,24.53,10
794,15880000,351981842,333549476,710,6.98,24,27,953,24.59,13
795,15900000,351981836,333549435,704,8.27,12,41,954,24.55,9
796,15920000,351981827,333549395,640,7.54,-40,134,955,24.57,12
797,15940000,351981835,333549355,657,4.33,109,32,956,24.52,9
798,15960000,351981832,333549316,613,7.48,-71,118,957,24.49,11
799,15980000,351981815,333549277,733,6.22,6,76,959,24.51,13
800,16000000,351981826,333549238,684,5.9,9,13,960,24.57,10
801,16020000,351981828,333549200,723,5.25,-128,-34,961,24.5,10
802,16040000,351981835,333549162,655,5.95,-81,66,962,24.51,12
803,16060000,351981839,333549124,587,7.61,-53,0,963,24.56,11
804,16080000,351981849,333549087,731,6.61,52,0,965,24.52,13
805,16100000,351981853,333549050,674,5.47,62,-51,966,24.52,10
806,16120000,351981868,333549014,677,5.16,40,93,967,24.54,10
807,16140000,351981876,333548978,674,5.46,19,40,968,24.53,10
808,16160000,351981883,333548942,699,6.66,-128,36,969,24.52,9
809,16180000,351981891,333548907,695,8.18,17,54,971,24.53,13
810,16200000,351981879,333548872,611,4.7,-26,47,972,24.5,9
811,16220000,351981881,333548838,719,5.96,75,39,973,24.52,13
812,16240000,351981882,333548804,655,5.5,86,60,974,24.54,13
813,16260000,351981887,333548770,659,5.06,140,21,975,24.49,12
814,16280000,351981877,333548737,747,6.43,47,-93,977,24.52,13
815,16300000,351981897,333548705,716,6.62,54,71,978,24.49,12
816,16320000,351981901,333548673,666,4.27,-57,56,979,24.54,12
817,16340000,351981892,333548641,606,4.73,9,36,980,24.54,12
818,16360000,351981878,333548610,688,7.38,-70,114,981,24.55,13
819,16380000,351981879,333548579,704,6.34,59,-34,983,24.55,13
820,16400000,351981881,333548549,680,6.58,-67,-108,984,24.55,11
821,16420000,351981878,333548520,634,5.36,-8,109,985,24.54,9
822,16440000,351981882,333548490,653,5.51,-45,55,986,24.49,13
823,16460000,351981879,333548462,635,6.5,-23,-46,987,24.54,10
824,16480000,351981888,333548434,695,5.37,32,14,989,24.49,13
825,16500000,351981884,333548406,720,4.64,-29,65,990,24.58,13
826,16520000,351981887,333548379,729,5.96,18,-25,991,24.52,13
827,16540000,351981900,333548352,660,7.04,-56,62,992,24.53,14
828,16560000,351981929,333548326,699,4.73,89,140,993,24.47,13
829,16580000,351981922,333548300,713,7.22,-34,104,995,24.54,13
830,16600000,351981921,333548275,671,6.79,66,33,996,24.54,14
831,16620000,351981916,333548251,686,4.93,134,51,997,24.46,13
832,16640000,351981927,333548227,778,5.97,-143,-11,998,24.49,14
833,16660000,351981919,333548203,702,5.91,-55,41,999,24.49,10
834,16680000,351981917,333548180,730,6.71,-7,18,1001,24.49,12
835,16700000,351981920,333548158,678,6.75,75,-14,1002,24.55,9
836,16720000,351981914,333548136,698,4.41,-24,-31,1003,24.57,12
837,16740000,351981908,333548115,629,4.36,27,131,1004,24.47,14
838,16760000,351981906,333548094,697,7.18,-39,39,1005,24.53,14
839,16780000,351981888,333548074,747,6.09,38,-15,1007,24.49,10
840,16800000,351981877,333548055,784,6.45,-69,14,1008,24.54,14
841,16820000,351981877,333548036,748,6.36,55,109,1009,24.43,10
842,16840000,351981881,333548017,729,7.78,-177,115,1010,24.49,13
843,16860000,351981883,333548000,704,4.53,-110,4,1011,24.53,12
844,16880000,351981868,333547982,679,7.25,115,44,1013,24.47,11
845,16900000,351981867,333547966,697,4.99,14,79,1014,24.53,12
846,16920000,351981878,333547950,729,6.82,-50,18,1015,24.48,9
847,16940000,351981887,333547934,674,7.55,138,-23,1016,24.53,14
848,16960000,351981890,333547919,744,4.32,68,-13,1017,24.51,12
849,16980000,351981884,333547905,668,6.44,73,35,1019,24.48,10
850,17000000,351981894,333547891,637,5.63,-21,-3,1020,24.47,11
851,17020000,351981892,333547878,668,5.61,42,-29,1021,24.49,10
852,17040000,351981883,333547866,643,6.01,35,23,1022,24.52,9
853,17060000,351981879,333547854,656,4.71,-96,81,1023,24.49,9
854,17080000,351981896,333547843,757,4.82,40,69,1025,24.47,10
855,17100000,351981902,333547832,704,6.74,-6,23,1026,24.59,13
856,17120000,351981917,333547822,722,6.96,82,129,1027,24.44,14
857,17140000,351981915,333547813,760,5.29,84,-3,1028,24.48,12
858,17160000,351981928,333547804,765,4.23,-34,31,1029,24.5,9
859,17180000,351981925,333547796,695,8.71,-32,-32,1031,24.45,13
860,17200000,351981927,333547788,770,7.26,15,73,1032,24.48,10
861,17220000,351981955,333547781,733,6.39,44,28,1033,24.47,10
862,17240000,351981966,333547775,718,4.74,-20,-48,1034,24.44,9
863,17260000,351981965,333547769,737,5.27,-2,-6,1035,24.49,10
864,17280000,351981967,333547764,663,6.25,41,124,1037,24.45,10
865,17300000,351981974,333547760,689,4.82,30,70,1038,24.46,13
866,17320000,351981989,333547756,717,7.86,75,40,1039,24.52,10
867,17340000,351981988,333547753,747,6.12,18,77,1040,24.44,13
868,17360000,351981974,333547750,708,6.42,-50,-44,1041,24.49,9
869,17380000,351981974,333547748,719,4.74,-103,-6,1043,24.51,10
870,17400000,351981978,333547747,764,4.88,53,-30,1044,24.5,12
871,17420000,351981982,333547746,782,5.02,-16,-6,1045,24.49,10
872,17440000,351981999,333547746,757,6.29,-17,15,1046,24.47,9
873,17460000,351982005,333547747,778,5.64,-13,61,1047,24.43,13
874,17480000,351982016,333547748,712,5.62,-92,84,1049,24.48,11
875,17500000,351982009,333547750,717,6.33,-19,83,1050,24.48,13
876,17520000,351982021,333547753,742,6.23,-155,168,1051,24.45,14
877,17540000,351982045,333547756,719,7.72,-20,10,1052,24.44,10
878,17560000,351982056,333547760,711,5.73,-50,33,1053,24.49,13
879,17580000,351982062,333547764,798,4.76,116,60,1055,24.44,10
880,17600000,351982067,333547769,725,5.95,31,-6,1056,24.48,9
881,17620000,351982088,333547775,695,7.69,-9,20,1057,24.45,13
882,17640000,351982082,333547781,754,5.3,14,55,1058,24.41,10
883,17660000,351982084,333547788,809,6.02,48,-9,1059,24.51,13
884,17680000,351982092,333547795,740,5.54,-42,58,1061,24.48,14
885,17700000,351982103,333547804,787,6.44,-10,95,1062,24.48,11
886,17720000,351982102,333547812,721,6.26,-17,-20,1063,24.42,14
887,17740000,351982108,333547822,719,5.0,156,-78,1064,24.46,13
888,17760000,351982109,333547832,712,5.69,8,38,1065,24.47,10
889,17780000,351982114,333547842,735,7.07,-116,-16,1067,24.44,13
890,17800000,351982116,333547854,815,7.25,52,43,1068,24.51,14
891,17820000,351982108,333547866,696,7.05,163,12,1069,24.4,11
892,17840000,351982111,333547878,809,6.98,-54,49,1070,24.48,9
893,17860000,351982123,333547891,704,5.57,217,90,1071,24.4,11
894,17880000,351982116,333547905,735,5.53,0,75,1073,24.41,14
895,17900000,351982117,333547920,779,7.06,65,16,1074,24.41,10
896,17920000,351982127,333547935,772,4.58,-30,-23,1075,24.47,9
897,17940000,351982120,333547950,759,5.89,-12,-88,1076,24.43,11
898,17960000,351982125,333547966,682,3.77,-71,-73,1077,24.43,9
899,17980000,351982118,333547983,763,5.51,-61,-5,1079,24.42,9
900,18000000,351982133,333548001,709,5.13,-128,39,1080,24.4,13
901,18020000,351982159,333548019,853,4.54,74,0,1081,24.42,12
902,18040000,351982183,333548037,743,6.64,-66,4,1082,24.42,13
903,18060000,351982184,333548056,760,5.09,26,-45,1083,24.44,9
904,18080000,351982194,333548076,707,5.53,24,-48,1085,24.43,10
905,18100000,351982199,333548097,735,5.66,-36,-51,1086,24.37,9
906,18120000,351982203,333548118,703,5.09,6,64,1087,24.42,10
907,18140000,351982222,333548139,795,7.64,-2,-64,1088,24.48,14
908,18160000,351982212,333548161,746,5.38,-26,66,1089,24.43,9
909,18180000,351982226,333548184,780,6.19,6,-11,1091,24.44,9
910,18200000,351982229,333548207,731,4.42,6,59,1092,24.42,13
911,18220000,351982246,333548231,739,5.4,-59,44,1093,24.42,10
912,18240000,351982252,333548256,811,5.58,-76,69,1094,24.44,9
913,18260000,351982248,333548281,722,5.6,-48,91,1095,24.4,14
914,18280000,351982254,333548306,689,5.27,11,-6,1097,24.43,10
915,18300000,351982265,333548332,779,6.13,89,-16,1098,24.39,9
916,18320000,351982269,333548359,717,7.8,94,10,1099,24.44,14
917,18340000,351982277,333548386,746,5.8,23,-6,1100,24.39,12
918,18360000,351982275,333548414,801,5.8,62,64,1101,24.45,11
919,18380000,351982257,333548442,733,5.5,11,25,1103,24.46,11
920,18400000,351982269,333548471,802,8.95,71,31,1104,24.38,11
921,18420000,351982280,333548500,740,7.86,11,51,1105,24.45,12
922,18440000,351982285,333548530,828,6.62,27,7,1106,24.42,13
923,18460000,351982289,333548561,822,6.79,-13,85,1107,24.46,12
924,18480000,351982302,333548592,751,5.12,3,-60,1109,24.41,11
925,18500000,351982301,333548623,762,5.78,121,42,1110,24.42,11
926,18520000,351982297,333548655,738,6.21,-70,55,1111,24.42,13
927,18540000,351982299,333548688,780,6.1,3,-7,1112,24.46,14
928,18560000,351982314,333548721,819,4.95,-33,-3,1113,24.37,10
929,18580000,351982303,333548754,716,5.04,62,75,1115,24.45,12
930,18600000,351982319,333548788,811,6.57,115,14,1116,24.42,12
931,18620000,351982316,333548822,723,6.33,-15,-65,1117,24.41,9
932,18640000,351982308,333548857,742,3.48,-168,-36,1118,24.41,12
933,18660000,351982324,333548893,706,6.07,41,80,1119,24.45,12
934,18680000,351982326,333548929,862,7.46,41,-13,1121,24.44,10
935,18700000,351982317,333548965,781,5.2,-100,95,1122,24.47,9
936,18720000,351982316,333549002,790,6.25,-11,98,1123,24.4,13
937,18740000,351982329,333549039,754,4.25,0,20,1124,24.36,10
938,18760000,351982344,333549077,824,6.94,-140,57,1125,24.4,13
939,18780000,351982343,333549115,698,4.65,45,-11,1127,24.41,14
940,18800000,351982351,333549153,784,4.49,30,10,1128,24.4,13
941,18820000,351982361,333549192,872,5.59,18,-4,1129,24.45,9
942,18840000,351982358,333549232,769,8.75,-62,59,1130,24.48,11
943,18860000,351982365,333549272,786,5.24,-40,-33,1131,24.42,11
944,18880000,351982368,333549312,813,4.48,-35,23,1133,24.36,11
945,18900000,351982366,333549353,755,6.51,33,32,1134,24.44,9
946,18920000,351982364,333549394,789,6.23,-57,55,1135,24.39,10
947,18940000,351982368,333549435,827,7.91,94,-75,1136,24.41,14
948,18960000,351982372,333549477,798,4.47,26,-59,1137,24.43,13
949,18980000,351982370,333549519,805,4.09,-132,-13,1139,24.42,9
950,19000000,351982369,333549562,777,5.59,107,18,1140,24.4,13
951,19020000,351982383,333549605,805,6.41,13,36,1141,24.41,12
952,19040000,351982389,333549648,795,6.38,-31,39,1142,24.43,9
953,19060000,351982401,333549692,852,7.24,9,129,1143,24.42,11
954,19080000,351982416,333549736,824,4.21,-110,62,1145,24.46,10
955,19100000,351982425,333549780,786,4.99,14,58,1146,24.31,14
956,19120000,351982451,333549825,699,5.81,-149,5,1147,24.38,11
957,19140000,351982447,333549870,826,6.95,-60,68,1148,24.38,9
958,19160000,351982458,333549916,828,6.52,87,63,1149,24.42,14
959,19180000,351982458,333549961,762,5.47,81,62,1151,24.4,9
960,19200000,351982480,333550007,720,4.76,-18,23,1152,24.42,13
961,19220000,351982500,333550054,755,7.0,-57,60,1153,24.35,13
962,19240000,351982484,333550100,838,7.08,61,105,1154,24.39,14
963,19260000,351982478,333550147,760,9.16,0,-10,1155,24.41,10
964,19280000,351982488,333550194,785,5.75,16,-77,1157,24.39,10
965,19300000,351982499,333550242,813,7.87,41,70,1158,24.38,11
966,19320000,351982510,333550289,854,4.54,-64,65,1159,24.4,12
967,19340000,351982512,333550337,805,5.32,52,17,1160,24.44,14
968,19360000,351982520,333550386,802,5.17,-129,7,1161,24.33,14
969,19380000,351982530,333550434,785,5.42,94,166,1163,24.44,10
970,19400000,351982533,333550483,873,4.93,-95,6,1164,24.4,14
971,19420000,351982546,333550532,852,5.33,-36,-31,1165,24.36,10
972,19440000,351982527,333550581,806,5.9,-38,5,1166,24.41,10
973,19460000,351982537,333550630,755,5.44,48,54,1167,24.39,13
974,19480000,351982530,333550680,780,6.74,49,-1,1169,24.42,14
975,19500000,351982543,333550730,835,5.87,25,9,1170,24.36,13
976,19520000,351982544,333550780,784,5.96,36,44,1171,24.41,14
977,19540000,351982538,333550830,850,7.7,31,7,1172,24.36,14
978,19560000,351982545,333550880,829,6.33,-1,35,1173,24.39,14
979,19580000,351982539,333550931,827,6.15,-116,27,1175,24.4,13
980,19600000,351982534,333550981,843,5.94,-141,-23,1176,24.38,12
981,19620000,351982521,333551032,837,6.04,-141,32,1177,24.4,12
982,19640000,351982524,333551083,784,6.64,0,-28,1178,24.36,10
983,19660000,351982533,333551134,806,5.02,-11,75,1179,24.41,10
984,19680000,351982546,333551185,913,7.31,-6,-17,1181,24.36,11
985,19700000,351982548,333551237,772,7.81,16,17,1182,24.35,13
986,19720000,351982562,333551288,802,7.32,-12,-61,1183,24.37,13
987,19740000,351982565,333551340,865,5.39,-60,6,1184,24.37,12
988,19760000,351982568,333551392,817,4.09,-91,-32,1185,24.35,12
989,19780000,351982577,333551443,791,5.45,-116,103,1187,24.4,11
990,19800000,351982591,333551495,772,6.15,78,23,1188,24.37,10
991,19820000,351982591,333551547,847,6.94,59,54,1189,24.39,12
992,19840000,351982592,333551599,867,5.75,-82,-57,1190,24.33,13
993,19860000,351982593,333551651,883,5.61,-14,-32,1191,24.33,9
994,19880000,351982598,333551703,830,7.75,29,20,1193,24.36,12
995,19900000,351982592,333551756,871,5.18,102,-38,1194,24.34,14
996,19920000,351982605,333551808,788,7.22,-35,85,1195,24.36,9
997,19940000,351982605,333551860,837,7.03,13,8,1196,24.38,11
998,19960000,351982613,333551912,804,4.4,74,36,1197,24.4,11
999,19980000,351982608,333551965,839,6.29,-106,43,1199,24.41,14
1000,20000000,351982615,333552017,863,5.31,-43,21,1200,24.39,14
1001,20020000,351982622,333552069,877,4.85,0,67,1201,24.34,13
1002,20040000,351982621,333552121,795,3.79,-43,-4,1202,24.38,14
1003,20060000,351982645,333552174,886,4.12,134,47,1204,24.34,12
1004,20080000,351982652,333552226,817,6.45,56,88,1205,24.38,9
1005,20100000,351982673,333552278,796,5.51,14,39,1206,24.33,10
1006,20120000,351982686,333552330,831,6.29,-58,35,1207,24.4,14
1007,20140000,351982682,333552382,780,4.72,56,12,1208,24.37,13
1008,20160000,351982682,333552434,840,5.59,41,31,1210,24.35,14
1009,20180000,351982690,333552486,852,5.65,-30,62,1211,24.31,11
1010,20200000,351982694,333552538,833,4.15,-25,16,1212,24.36,13
1011,20220000,351982697,333552590,864,4.01,-89,-54,1213,24.34,14
1012,20240000,351982698,333552642,831,6.48,-2,36,1214,24.36,10
1013,20260000,351982683,333552693,844,6.14,56,21,1216,24.33,11
1014,20280000,351982684,333552745,787,4.87,64,51,1217,24.34,9
1015,20300000,351982665,333552796,847,5.85,38,30,1218,24.37,14
1016,20320000,351982672,333552848,812,6.74,53,106,1219,24.39,11
1017,20340000,351982669,333552899,829,8.12,-35,-30,1220,24.31,9
1018,20360000,351982665,333552950,844,4.92,-27,-19,1222,24.34,12
1019,20380000,351982666,333553001,857,6.69,77,60,1223,24.36,13
1020,20400000,351982672,333553051,784,8.46,30,-22,1224,24.34,10
1021,20420000,351982661,333553102,788,6.04,-48,44,1225,24.33,12
1022,20440000,351982647,333553152,839,7.69,33,27,1226,24.41,14
1023,20460000,351982639,333553203,871,2.92,53,-68,1228,24.32,12
1024,20480000,351982622,333553253,868,7.67,46,61,1229,24.35,12
1025,20500000,351982616,333553303,890,5.95,8,96,1230,24.33,12
1026,20520000,351982635,333553352,907,3.76,-30,38,1231,24.34,9
1027,20540000,351982628,333553402,875,6.88,26,-40,1232,24.27,14
1028,20560000,351982638,333553451,856,7.2,107,67,1234,24.37,12
1029,20580000,351982627,333553500,816,7.39,10,-22,1235,24.33,12
1030,20600000,351982634,333553549,820,7.38,-40,22,1236,24.31,10
1031,20620000,351982634,333553597,840,5.93,22,48,1237,24.39,14
1032,20640000,351982637,333553646,870,5.09,-75,-9,1238,24.33,9
1033,20660000,351982646,333553694,869,5.42,15,-54,1240,24.32,13
1034,20680000,351982667,333553741,862,5.92,-17,21,1241,24.31,12
1035,20700000,351982672,333553789,856,6.44,61,26,1242,24.37,11
1036,20720000,351982676,333553836,888,5.4,8,-13,1243,24.33,13
1037,20740000,351982670,333553883,872,6.02,67,-9,1244,24.32,14
1038,20760000,351982679,333553930,877,7.0,145,64,1246,24.29,12
1039,20780000,351982680,333553976,878,6.35,-12,24,1247,24.3,13
1040,20800000,351982692,333554022,845,8.66,-50,5,1248,24.34,12
1041,20820000,351982695,333554068,826,8.5,30,0,1249,24.33,13
1042,20840000,351982715,333554114,888,4.61,-3,36,1250,24.27,12
1043,20860000,351982699,333554159,886,5.3,10,33,1252,24.3,14
1044,20880000,351982699,333554204,861,4.42,-36,19,1253,24.33,10
1045,20900000,351982711,333554248,854,4.59,36,-39,1254,24.41,10
1046,20920000,351982711,333554292,963,6.61,5,10,1255,24.3,9
1047,20940000,351982707,333554336,842,4.8,-133,-2,1256,24.26,10
1048,20960000,351982707,333554380,864,4.73,-13,31,1258,24.35,12
1049,20980000,351982697,333554423,885,5.65,22,84,1259,24.31,12
1050,21000000,351982701,333554466,829,6.91,75,74,1260,24.28,9
1051,21020000,351982729,333554508,880,5.55,-34,59,1261,24.34,11
1052,21040000,351982744,333554550,948,5.54,-48,33,1262,24.31,13
1053,21060000,351982736,333554591,915,7.05,73,12,1264,24.29,9
1054,21080000,351982731,333554633,903,6.52,-36,44,1265,24.28,13
1055,21100000,351982730,333554673,903,6.5,7,5,1266,24.31,10
1056,21120000,351982743,333554714,884,7.08,30,11,1267,24.32,12
1057,21140000,351982739,333554754,919,4.77,47,-12,1268,24.26,9
1058,21160000,351982735,333554793,875,6.22,1,25,1270,24.34,12
1059,21180000,351982747,333554833,865,5.22,-68,24,1271,24.28,13
1060,21200000,351982759,333554871,887,7.17,64,118,1272,24.36,9
1061,21220000,351982759,333554910,920,6.93,-25,55,1273,24.32,9
1062,21240000,351982751,333554947,898,4.73,-31,9,1274,24.31,13
1063,21260000,351982739,333554985,913,7.54,126,66,1276,24.32,9
1064,21280000,351982735,333555022,805,4.59,56,5,1277,24.29,13
1065,21300000,351982716,333555058,935,7.34,-64,77,1278,24.31,12
1066,21320000,351982727,333555094,982,6.21,-28,66,1279,24.36,9
1067,21340000,351982724,333555130,942,4.94,-14,169,1280,24.29,10
1068,21360000,351982732,333555165,877,4.65,-45,-24,1282,24.33,14
1069,21380000,351982754,333555200,857,5.61,-118,24,1283,24.28,9
1070,21400000,351982769,333555234,903,5.94,51,22,1284,24.3,9
1071,21420000,351982761,333555267,853,5.13,49,42,1285,24.33,12
1072,21440000,351982773,333555300,922,6.63,16,62,1286,24.27,14
1073,21460000,351982788,333555333,873,4.31,-23,-19,1288,24.31,11
1074,21480000,351982784,333555365,933,5.96,14,-6,1289,24.24,14
1075,21500000,351982778,333555397,950,5.97,41,42,1290,24.27,11
1076,21520000,351982780,333555428,815,3.76,-63,75,1291,24.29,13
1077,21540000,351982767,333555459,909,6.33,-19,-26,1292,24.33,12
1078,21560000,351982785,333555489,870,4.47,-33,-46,1294,24.32,13
1079,21580000,351982765,333555518,843,3.02,44,83,1295,24.27,9
1080,21600000,351982757,333555547,875,5.24,17,69,1296,24.29,12
1081,21620000,351982757,333555576,892,5.69,-79,80,1297,24.3,11
1082,21640000,351982758,333555604,943,7.03,-37,-18,1298,24.25,14
1083,21660000,351982763,333555631,841,5.39,111,18,1300,24.31,14
1084,21680000,351982770,333555658,945,7.7,-59,39,1301,24.33,10
1085,21700000,351982771,333555684,985,7.66,10,49,1302,24.33,11
1086,21720000,351982785,333555710,929,7.26,-38,22,1303,24.27,14
1087,21740000,351982767,333555735,927,7.53,78,25,1304,24.28,13
1088,21760000,351982771,333555760,906,6.38,-2,77,1306,24.26,9
1089,21780000,351982767,333555784,860,5.31,-26,7,1307,24.27,11
1090,21800000,351982772,333555807,930,6.73,-72,1,1308,24.28,14
1091,21820000,351982777,333555830,924,7.11,-14,7,1309,24.31,10
1092,21840000,351982771,333555853,939,6.25,52,3,1310,24.29,12
1093,21860000,351982768,333555874,1013,5.67,42,34,1312,24.26,11
1094,21880000,351982780,333555895,941,4.11,-81,18,1313,24.31,9
1095,21900000,351982786,333555916,929,6.76,98,7,1314,24.31,9
1096,21920000,351982783,333555936,976,6.38,-14,96,1315,24.27,12
1097,21940000,351982807,333555955,860,4.42,-64,42,1316,24.28,10
1098,21960000,351982833,333555974,869,6.08,8,12,1318,24.28,14
1099,21980000,351982822,333555992,901,6.82,-37,89,1319,24.23,10
1100,22000000,351982828,333556010,890,5.83,-35,1,1320,24.28,9
1101,22020000,351982857,333556027,945,6.89,-38,28,1321,24.3,13
1102,22040000,351982868,333556044,905,6.86,-4,23,1322,24.34,12
1103,22060000,351982873,333556059,989,4.22,-30,0,1324,24.28,14
1104,22080000,351982874,333556075,981,5.61,-105,9,1325,24.27,12
1105,22100000,351982872,333556089,951,6.54,33,32,1326,24.27,13
1106,22120000,351982874,333556103,906,7.05,-31,-40,1327,24.29,11
1107,22140000,351982871,333556116,947,7.63,75,9,1328,24.3,11
1108,22160000,351982882,333556129,956,3.69,34,40,1330,24.25,12
1109,22180000,351982882,333556141,881,5.89,39,41,1331,24.28,9
1110,22200000,351982881,333556153,939,6.81,12,42,1332,24.29,12
1111,22220000,351982872,333556164,954,7.41,81,140,1333,24.21,13
1112,22240000,351982875,333556174,935,7.96,-19,60,1334,24.31,9
1113,22260000,351982869,333556184,990,4.86,-60,21,1336,24.26,12
1114,22280000,351982871,333556193,977,5.52,22,22,1337,24.29,9
1115,22300000,351982884,333556201,896,4.72,-168,28,1338,24.27,13
1116,22320000,351982891,333556209,935,6.93,-22,49,1339,24.26,13
1117,22340000,351982900,333556216,897,4.4,14,14,1340,24.26,11
1118,22360000,351982907,333556222,955,7.37,-25,100,1342,24.27,13
1119,22380000,351982911,333556228,898,7.07,78,-24,1343,24.29,9
1120,22400000,351982913,333556233,970,6.54,44,58,1344,24.26,12
1121,22420000,351982913,333556238,950,3.39,7,52,1345,24.23,12
1122,22440000,351982924,333556242,974,5.16,-24,-26,1346,24.24,9
1123,22460000,351982916,333556245,930,6.85,68,58,1348,24.23,9
1124,22480000,351982933,333556248,878,4.28,-41,54,1349,24.28,9
1125,22500000,351982937,333556250,1008,5.68,-25,-2,1350,24.23,14
1126,22520000,351982933,333556252,931,5.84,46,138,1351,24.3,11
1127,22540000,351982931,333556252,994,7.02,37,62,1352,24.26,9
1128,22560000,351982928,333556253,957,6.3,126,12,1354,24.25,10
1129,22580000,351982932,333556252,968,6.29,-12,5,1355,24.3,11
1130,22600000,351982929,333556251,1015,5.44,-116,-7,1356,24.24,14
1131,22620000,351982943,333556249,956,5.97,41,40,1357,24.25,9
1132,22640000,351982939,333556247,999,5.8,78,31,1358,24.28,13
1133,22660000,351982920,333556244,885,6.83,-9,-39,1360,24.27,12
1134,22680000,351982916,333556241,980,5.75,97,-21,1361,24.22,12
1135,22700000,351982899,333556236,936,7.19,110,-5,1362,24.32,9
1136,22720000,351982902,333556231,941,3.95,-40,9,1363,24.27,13
1137,22740000,351982916,333556226,948,7.39,-29,10,1364,24.21,14
1138,22760000,351982925,333556220,962,5.76,-77,-3,1366,24.24,13
1139,22780000,351982915,333556213,1015,7.3,34,58,1367,24.28,12
1140,22800000,351982911,333556206,876,6.06,44,73,1368,24.25,9
1141,22820000,351982932,333556198,952,6.98,37,31,1369,24.27,14
1142,22840000,351982939,333556189,923,7.73,-76,-76,1370,24.32,13
1143,22860000,351982942,333556180,999,5.31,-46,20,1372,24.27,11
1144,22880000,351982956,333556170,936,6.06,-88,54,1373,24.3,10
1145,22900000,351982984,333556160,972,5.76,-99,24,1374,24.26,11
1146,22920000,351983000,333556149,939,6.21,-83,41,1375,24.22,9
1147,22940000,351983005,333556137,982,4.04,-97,33,1376,24.29,11
1148,22960000,351983012,333556125,997,5.76,-10,-42,1378,24.22,10
1149,22980000,351983021,333556112,941,5.67,26,-92,1379,24.27,9
1150,23000000,351983019,333556098,960,5.03,38,57,1380,24.26,9
1151,23020000,351983011,333556084,902,5.73,-1,3,1381,24.21,13
1152,23040000,351983015,333556070,972,4.13,-41,47,1382,24.22,13
1153,23060000,351983009,333556055,995,7.62,0,13,1384,24.23,12
1154,23080000,351983012,333556039,939,6.49,35,20,1385,24.25,9
1155,23100000,351983016,333556022,1007,8.2,-18,93,1386,24.28,12
1156,23120000,351983043,333556005,880,4.92,3,-28,1387,24.24,14
1157,23140000,351983038,333555988,890,4.58,-18,27,1388,24.29,10
1158,23160000,351983040,333555969,909,6.3,-32,-23,1390,24.26,9
1159,23180000,351983041,333555951,946,3.98,2,31,1391,24.21,9
1160,23200000,351983049,333555931,967,6.23,-68,50,1392,24.21,13
1161,23220000,351983063,333555911,964,5.13,65,59,1393,24.23,12
1162,23240000,351983061,333555891,965,5.56,-96,35,1394,24.21,12
1163,23260000,351983056,333555870,998,6.26,28,-37,1396,24.23,14
1164,23280000,351983043,333555848,951,6.01,-84,39,1397,24.25,10
1165,23300000,351983037,333555826,920,8.17,93,70,1398,24.24,11
1166,23320000,351983046,333555803,922,6.71,53,75,1399,24.26,11
1167,23340000,351983050,333555780,1057,4.43,-50,129,1400,24.21,11
1168,23360000,351983043,333555756,879,7.12,-27,54,1402,24.2,12
1169,23380000,351983043,333555732,967,4.37,-69,-20,1403,24.18,10
1170,23400000,351983046,333555707,1033,6.06,-3,3,1404,24.17,10
1171,23420000,351983055,333555682,995,4.48,25,32,1405,24.21,10
1172,23440000,351983052,333555656,943,4.98,157,77,1406,24.22,11
1173,23460000,351983053,333555629,977,7.52,-84,-26,1408,24.21,13
1174,23480000,351983038,333555602,1013,5.3,76,71,1409,24.22,9
1175,23500000,351983030,333555575,1027,5.19,-35,59,1410,24.28,12
1176,23520000,351983049,333555547,944,5.29,17,-13,1411,24.19,9
1177,23540000,351983031,333555518,1011,5.59,54,56,1412,24.21,14
1178,23560000,351983031,333555489,992,7.67,33,-8,1414,24.2,12
1179,23580000,351983036,333555460,1027,4.56,26,27,1415,24.19,12
1180,23600000,351983036,333555430,1039,4.49,-12,13,1416,24.26,10
1181,23620000,351983031,333555399,970,6.64,0,39,1417,24.21,10
1182,23640000,351983034,333555368,927,4.06,9,-27,1418,24.25,14
1183,23660000,351983037,333555337,1001,5.52,74,53,1420,24.18,10
1184,23680000,351983040,333555305,1058,7.3,-90,-74,1421,24.27,12
1185,23700000,351983024,333555273,1015,5.96,-30,8,1422,24.28,13
1186,23720000,351983026,333555240,997,5.38,-76,1,1423,24.18,9
1187,23740000,351983021,333555206,1085,5.11,-59,102,1424,24.21,11
1188,23760000,351983019,333555173,948,4.87,-49,53,1426,24.2,9
1189,23780000,351983024,333555139,1027,5.25,67,4,1427,24.22,13
1190,23800000,351983034,333555104,969,6.11,132,-14,1428,24.17,14
1191,23820000,351983046,333555069,994,7.43,83,29,1429,24.22,12
1192,23840000,351983045,333555033,997,7.1,-73,-1,1430,24.23,12
1193,23860000,351983057,333554998,1055,5.28,4,134,1432,24.19,13
1194,23880000,351983072,333554961,957,5.08,-70,-103,1433,24.14,12
1195,23900000,351983087,333554925,974,6.77,27,31,1434,24.18,12
1196,23920000,351983104,333554887,933,3.8,78,-88,1435,24.19,9
1197,23940000,351983106,333554850,1017,5.43,36,77,1436,24.22,11
1198,23960000,351983108,333554812,980,5.56,53,-10,1438,24.18,13
1199,23980000,351983119,333554774,1016,4.63,-9,104,1439,24.17,12
1200,24000000,351983109,333554735,957,4.76,-121,2,1440,24.22,9
1201,24020000,351983115,333554696,986,6.36,-122,79,1441,24.21,10
1202,24040000,351983113,333554657,1043,3.98,-6,37,1442,24.22,9
1203,24060000,351983112,333554617,995,4.86,35,84,1444,24.2,10
1204,24080000,351983098,333554577,1028,5.17,78,29,1445,24.23,9
1205,24100000,351983093,333554537,1025,6.04,-21,-112,1446,24.21,14
1206,24120000,351983096,333554496,991,4.31,4,-6,1447,24.14,11
1207,24140000,351983108,333554455,943,7.22,15,-45,1448,24.2,13
1208,24160000,351983121,333554413,1046,5.57,65,73,1450,24.22,11
1209,24180000,351983124,333554372,1014,5.63,-4,53,1451,24.19,12
1210,24200000,351983125,333554330,1048,5.5,-67,28,1452,24.23,10
1211,24220000,351983120,333554287,928,5.13,66,49,1453,24.18,13
1212,24240000,351983128,333554245,944,4.77,25,37,1454,24.21,9
1213,24260000,351983128,333554202,925,7.29,23,0,1456,24.15,9
1214,24280000,351983138,333554158,976,6.17,-78,120,1457,24.19,14
1215,24300000,351983159,333554115,1054,5.8,0,39,1458,24.17,12
1216,24320000,351983162,333554071,1036,7.11,-105,18,1459,24.16,14
1217,24340000,351983150,333554027,1013,5.08,-123,-41,1460,24.15,14
1218,24360000,351983145,333553983,1020,6.67,-14,-1,1462,24.19,10
1219,24380000,351983133,333553939,1046,5.95,-26,28,1463,24.2,12
1220,24400000,351983125,333553894,1004,4.87,34,19,1464,24.16,11
1221,24420000,351983141,333553849,1033,6.82,88,5,1465,24.14,14
1222,24440000,351983147,333553804,1024,4.15,-2,25,1466,24.15,9
1223,24460000,351983135,333553758,932,6.69,110,-25,1468,24.2,9
1224,24480000,351983145,333553713,1004,4.87,-36,28,1469,24.14,9
1225,24500000,351983161,333553667,1075,6.4,46,-45,1470,24.21,14
1226,24520000,351983161,333553621,1006,7.55,-78,-12,1471,24.13,13
1227,24540000,351983157,333553575,1017,6.59,7,-6,1472,24.19,10
1228,24560000,351983157,333553528,999,5.2,-19,69,1474,24.2,13
1229,24580000,351983163,333553482,1005,5.88,-12,51,1475,24.21,13
1230,24600000,351983173,333553435,1070,5.48,36,31,1476,24.16,11
1231,24620000,351983188,333553388,1015,4.53,-116,-26,1477,24.15,14
1232,24640000,351983204,333553341,986,4.6,7,9,1478,24.13,9
1233,24660000,351983219,333553294,903,5.96,-50,66,1480,24.2,12
1234,24680000,351983236,333553247,1005,6.55,7,87,1481,24.17,12
1235,24700000,351983246,333553200,950,3.82,24,-41,1482,24.16,10
1236,24720000,351983234,333553152,957,5.82,-22,7,1483,24.16,9
1237,24740000,351983236,333553104,1062,6.51,-22,33,1484,24.18,14
1238,24760000,351983242,333553057,1060,6.04,-71,44,1486,24.17,12
1239,24780000,351983242,333553009,956,4.72,33,28,1487,24.2,10
1240,24800000,351983254,333552961,1067,7.13,-41,59,1488,24.1,14
1241,24820000,351983254,333552913,1052,4.47,27,-40,1489,24.19,13
1242,24840000,351983248,333552865,1004,6.67,-87,102,1490,24.15,14
1243,24860000,351983266,333552817,1065,7.79,84,-26,1492,24.16,12
1244,24880000,351983276,333552769,971,3.49,-62,31,1493,24.15,10
1245,24900000,351983281,333552721,989,6.2,71,53,1494,24.16,12
1246,24920000,351983294,333552672,981,6.27,-27,83,1495,24.18,14
1247,24940000,351983308,333552624,995,6.17,33,71,1496,24.17,13
1248,24960000,351983315,333552576,1075,4.99,-8,69,1498,24.12,14
1249,24980000,351983293,333552528,987,5.53,41,89,1499,24.16,14
1250,25000000,351983290,333552479,995,4.25,0,21,1500,24.15,11
1251,25020000,351983289,333552431,1004,6.05,78,64,1501,24.17,14
1252,25040000,351983282,333552383,1051,6.53,41,101,1502,24.16,14
1253,25060000,351983287,333552335,1030,5.11,41,-7,1504,24.15,13
1254,25080000,351983303,333552286,1079,4.8,102,-38,1505,24.19,12
1255,25100000,351983301,333552238,1017,5.34,-42,-19,1506,24.12,13
1256,25120000,351983293,333552190,995,5.88,80,95,1507,24.22,11
1257,25140000,351983317,333552142,1027,5.96,4,87,1508,24.13,9
1258,25160000,351983316,333552094,1050,5.77,-91,11,1510,24.12,12
1259,25180000,351983307,333552046,1012,5.97,29,40,1511,24.17,11
1260,25200000,351983312,333551998,1061,4.35,-12,51,1512,24.18,11
1261,25220000,351983320,333551950,1123,2.67,103,78,1513,24.19,12
1262,25240000,351983316,333551903,1028,6.62,-30,-60,1514,24.19,11
1263,25260000,351983327,333551855,1054,7.56,3,2,1516,24.16,11
1264,25280000,351983326,333551807,1107,4.22,14,16,1517,24.15,12
1265,25300000,351983320,333551760,1028,5.1,-117,43,1518,24.16,14
1266,25320000,351983325,333551713,1021,6.24,31,32,1519,24.14,12
1267,25340000,351983336,333551666,1011,7.01,-61,13,1520,24.13,14
1268,25360000,351983333,333551619,1072,6.65,86,42,1522,24.19,9
1269,25380000,351983340,333551572,1077,7.39,102,-93,1523,24.2,11
1270,25400000,351983342,333551525,1052,5.82,0,175,1524,24.14,12
1271,25420000,351983374,333551478,1060,6.37,-97,68,1525,24.13,14
1272,25440000,351983370,333551432,1110,6.37,11,71,1526,24.12,11
1273,25460000,351983387,333551386,1095,5.38,10,-2,1528,24.09,11
1274,25480000,351983390,333551340,1005,7.3,44,48,1529,24.12,14
1275,25500000,351983392,333551294,1061,6.62,-18,126,1530,24.12,13
1276,25520000,351983403,333551248,1067,7.04,-73,115,1531,24.14,9
1277,25540000,351983415,333551203,1092,5.43,-8,32,1532,24.11,9
1278,25560000,351983431,333551158,1055,7.1,-56,-30,1534,24.08,14
1279,25580000,351983438,333551113,1039,4.64,109,36,1535,24.15,14
1280,25600000,351983435,333551068,1047,6.35,-43,14,1536,24.18,10
1281,25620000,351983433,333551023,995,2.81,-40,69,1537,24.07,11
1282,25640000,351983441,333550979,1066,4.7,-2,-32,1538,24.13,9
1283,25660000,351983450,333550935,1044,6.75,-76,20,1540,24.16,14
1284,25680000,351983468,333550891,1087,5.35,-27,41,1541,24.09,9
1285,25700000,351983475,333550848,1028,6.09,-8,6,1542,24.09,10
1286,25720000,351983489,333550805,1053,3.98,-30,79,1543,24.13,9
1287,25740000,351983508,333550762,1032,7.7,-15,-25,1544,24.12,10
1288,25760000,351983513,333550719,1029,6.58,76,-29,1546,24.11,12
1289,25780000,351983501,333550677,1101,5.85,26,12,1547,24.17,10
1290,25800000,351983493,333550634,1055,6.37,-82,68,1548,24.17,12
1291,25820000,351983482,333550593,1092,6.27,-26,14,1549,24.14,10
1292,25840000,351983501,333550551,1030,7.54,45,0,1550,24.12,9
1293,25860000,351983496,333550510,1080,6.13,-40,67,1552,24.11,9
1294,25880000,351983511,333550469,1009,4.15,5,39,1553,24.15,10
1295,25900000,351983521,333550429,1058,5.58,-1,3,1554,24.11,13
1296,25920000,351983541,333550389,1058,7.39,32,35,1555,24.16,10
1297,25940000,351983554,333550349,1102,6.55,-11,17,1556,24.16,12
1298,25960000,351983557,333550309,1087,5.39,-8,58,1558,24.1,10
1299,25980000,351983558,333550270,1074,6.6,-52,35,1559,24.14,12
1300,26000000,351983562,333550232,1115,6.02,22,-9,1560,24.16,10
1301,26020000,351983567,333550193,1090,6.6,-57,6,1561,24.14,10
1302,26040000,351983565,333550155,1105,4.02,106,9,1562,24.09,9
1303,26060000,351983568,333550118,1115,4.83,-1,46,1564,24.11,11
1304,26080000,351983588,333550081,1082,6.66,-13,47,1565,24.1,14
1305,26100000,351983574,333550044,1074,5.62,48,-10,1566,24.12,11
1306,26120000,351983580,333550007,1100,6.29,-5,20,1567,24.11,12
1307,26140000,351983574,333549972,1071,8.18,5,43,1568,24.1,9
1308,26160000,351983580,333549936,1104,5.51,-3,81,1570,24.14,14
1309,26180000,351983591,333549901,1133,6.16,-44,41,1571,24.15,10
1310,26200000,351983594,333549866,1124,5.23,-56,122,1572,24.09,12
1311,26220000,351983605,333549832,1075,5.15,-43,30,1573,24.06,10
1312,26240000,351983593,333549798,1040,5.79,69,64,1574,24.12,9
1313,26260000,351983607,333549765,1090,4.18,-38,13,1576,24.11,10
1314,26280000,351983604,333549732,1088,3.41,-24,-18,1577,24.12,10
1315,26300000,351983614,333549699,1138,7.48,-27,34,1578,24.08,11
1316,26320000,351983619,333549667,1079,5.76,42,52,1579,24.11,13
1317,26340000,351983596,333549636,1087,7.2,121,44,1580,24.08,14
1318,26360000,351983592,333549605,1126,6.02,-56,36,1582,24.14,10
1319,26380000,351983598,333549574,1078,6.06,33,13,1583,24.15,11
1320,26400000,351983617,333549544,1092,6.67,7,-10,1584,24.07,10
1321,26420000,351983623,333549515,1167,6.72,-18,14,1585,24.02,14
1322,26440000,351983629,333549486,1159,4.47,31,51,1586,24.08,9
1323,26460000,351983618,333549457,1126,7.3,-78,74,1588,24.08,13
1324,26480000,351983636,333549429,1112,4.74,51,-128,1589,24.1,11
1325,26500000,351983657,333549401,1063,6.12,13,58,1590,24.1,14
1326,26520000,351983661,333549374,1125,8.88,-61,80,1591,24.11,9
1327,26540000,351983662,333549348,1106,5.97,97,89,1592,24.18,13
1328,26560000,351983649,333549322,1113,7.84,52,47,1594,24.08,13
1329,26580000,351983661,333549296,1085,5.47,71,61,1595,24.08,14
1330,26600000,351983691,333549271,1106,6.6,-89,7,1596,24.11,9
1331,26620000,351983702,333549247,1100,5.94,-16,24,1597,24.04,9
1332,26640000,351983718,333549223,1121,6.37,-32,54,1598,24.12,10
1333,26660000,351983727,333549199,1166,4.88,38,-23,1600,24.07,13
1334,26680000,351983720,333549177,1124,4.81,83,-8,1601,24.05,12
1335,26700000,351983737,333549154,1044,6.27,-117,38,1602,24.06,11
1336,26720000,351983728,333549133,1073,4.05,1,-34,1603,24.1,9
1337,26740000,351983729,333549112,1049,4.89,-7,31,1604,24.11,11
1338,26760000,351983735,333549091,1081,6.63,61,-42,1606,24.12,13
1339,26780000,351983747,333549071,1136,5.16,-2,38,1607,24.1,9
1340,26800000,351983755,333549052,1131,4.84,-78,30,1608,24.06,9
1341,26820000,351983762,333549033,1092,4.58,-11,2,1609,24.1,9
1342,26840000,351983758,333549014,1127,6.05,-63,-16,1610,24.08,9
1343,26860000,351983748,333548997,1087,5.46,-47,4,1612,24.15,13
1344,26880000,351983752,333548980,1061,6.06,2,-78,1613,24.02,11
1345,26900000,351983748,333548963,1063,5.66,-29,10,1614,24.13,10
1346,26920000,351983739,333548947,1085,8.05,17,34,1615,24.1,12
1347,26940000,351983729,333548932,1177,5.37,-93,86,1616,24.09,12
1348,26960000,351983728,333548917,1068,3.59,142,4,1618,24.08,11
1349,26980000,351983713,333548903,1172,6.02,77,20,1619,24.06,11
1350,27000000,351983702,333548889,1176,5.88,44,95,1620,24.05,13
1351,27020000,351983689,333548876,1116,6.07,-79,112,1621,24.03,12
1352,27040000,351983695,333548864,1123,4.0,-132,5,1622,24.14,13
1353,27060000,351983702,333548852,1101,7.21,-52,79,1624,24.1,12
1354,27080000,351983725,333548841,1125,5.85,-14,85,1625,24.09,10
1355,27100000,351983714,333548830,1153,5.83,136,53,1626,24.08,10
1356,27120000,351983710,333548821,1128,4.03,80,-18,1627,24.01,14
1357,27140000,351983723,333548811,1169,6.44,-32,-16,1628,24.06,14
1358,27160000,351983724,333548803,1177,5.81,74,56,1630,24.07,11
1359,27180000,351983724,333548795,1144,7.46,75,140,1631,24.1,13
1360,27200000,351983744,333548787,1144,5.4,0,20,1632,24.04,10
1361,27220000,351983744,333548780,1130,4.44,74,104,1633,24.08,12
1362,27240000,351983736,333548774,1147,6.03,20,119,1634,24.06,10
1363,27260000,351983726,333548768,1089,4.81,-40,-30,1636,24.07,12
1364,27280000,351983733,333548763,1151,6.37,-72,0,1637,24.04,9
1365,27300000,351983739,333548759,1144,4.62,-7,101,1638,24.08,12
1366,27320000,351983729,333548755,1102,5.73,61,75,1639,24.07,11
1367,27340000,351983722,333548752,1223,5.62,-83,55,1640,24.01,11
1368,27360000,351983731,333548750,1099,5.84,-98,28,1642,24.1,10
1369,27380000,351983740,333548748,1104,5.28,33,59,1643,24.13,12
1370,27400000,351983737,333548747,1151,4.94,-166,-1,1644,24.03,10
1371,27420000,351983747,333548746,1063,5.81,111,149,1645,24.09,9
1372,27440000,351983756,333548746,1110,5.21,-26,-26,1646,24.03,10
1373,27460000,351983741,333548747,1081,6.06,44,-57,1648,24.04,14
1374,27480000,351983741,333548749,1104,5.56,114,36,1649,24.11,14
1375,27500000,351983749,333548750,1138,3.26,-89,98,1650,24.06,13
1376,27520000,351983747,333548753,1157,5.81,-64,5,1651,24.1,9
1377,27540000,351983729,333548756,1189,7.5,137,26,1652,24.06,13
1378,27560000,351983729,333548760,1178,6.24,-17,-19,1654,24.08,9
1379,27580000,351983740,333548765,1194,6.58,-7,25,1655,24.05,13
1380,27600000,351983759,333548770,1171,6.41,13,-19,1656,24.1,9
1381,27620000,351983740,333548776,1130,5.34,64,-19,1657,24.11,14
1382,27640000,351983770,333548782,1194,4.33,81,-41,1658,24.07,14
1383,27660000,351983762,333548789,1131,6.83,6,2,1660,24.03,11
1384,27680000,351983775,333548797,1127,7.11,-20,118,1661,24.04,12
1385,27700000,351983791,333548805,1213,6.54,-2,26,1662,24.02,10
1386,27720000,351983804,333548814,1184,6.38,18,38,1663,24.07,9
1387,27740000,351983809,333548823,1162,6.34,80,136,1664,24.06,9
1388,27760000,351983800,333548834,1184,5.85,8,-1,1666,24.03,12
1389,27780000,351983810,333548844,1190,6.2,111,-18,1667,24.07,12
1390,27800000,351983806,333548856,1102,5.9,-52,54,1668,24.03,10
1391,27820000,351983784,333548868,1153,6.26,32,-30,1669,24.1,9
1392,27840000,351983816,333548880,1111,4.79,107,45,1670,24.07,13
1393,27860000,351983826,333548894,1163,5.15,79,84,1672,24.09,11
1394,27880000,351983848,333548907,1133,6.54,20,-22,1673,24.02,9
1395,27900000,351983842,333548922,1214,5.49,-54,4,1674,24.01,9
1396,27920000,351983860,333548937,1182,3.08,-43,110,1675,23.99,12
1397,27940000,351983879,333548953,1129,6.03,-9,-21,1676,24.06,13
1398,27960000,351983898,333548969,1162,3.23,19,-3,1678,24.0,9
1399,27980000,351983901,333548986,1115,8.1,-15,40,1679,24.08,11
1400,28000000,351983892,333549004,1166,6.72,-89,13,1680,24.04,14
1401,28020000,351983894,333549022,1187,6.66,-45,-11,1681,24.06,10
1402,28040000,351983875,333549040,1177,5.12,31,105,1682,24.0,9
1403,28060000,351983862,333549060,1090,4.58,51,1,1684,24.02,13
1404,28080000,351983866,333549080,1154,5.64,-85,44,1685,24.04,12
1405,28100000,351983859,333549100,1189,5.91,-22,9,1686,24.05,11
1406,28120000,351983861,333549121,1182,5.0,-102,17,1687,23.99,10
1407,28140000,351983863,333549143,1216,6.07,-34,-36,1688,24.04,11
1408,28160000,351983886,333549165,1120,6.68,217,73,1690,24.01,12
1409,28180000,351983902,333549188,1193,6.58,3,8,1691,24.05,12
1410,28200000,351983905,333549211,1147,4.69,-21,90,1692,24.02,10
1411,28220000,351983921,333549235,1181,3.39,-36,-26,1693,24.02,9
1412,28240000,351983916,333549260,1191,5.89,-74,5,1694,24.04,14
1413,28260000,351983916,333549285,1203,5.13,-114,52,1696,24.06,10
1414,28280000,351983928,333549310,1153,6.4,-2,34,1697,24.02,12
1415,28300000,351983919,333549337,1184,7.78,-16,-2,1698,24.06,14
1416,28320000,351983920,333549363,1131,7.78,90,22,1699,23.99,9
1417,28340000,351983910,333549391,1122,6.22,-100,-33,1700,24.03,13
1418,28360000,351983915,333549419,1201,7.17,26,31,1702,23.99,9
1419,28380000,351983934,333549447,1178,7.78,82,-98,1703,24.03,9
1420,28400000,351983930,333549476,1116,5.95,-120,37,1704,23.99,9
1421,28420000,351983936,333549505,1148,6.21,40,94,1705,24.02,14
1422,28440000,351983930,333549535,1183,6.87,-98,72,1706,24.04,11
1423,28460000,351983922,333549566,1246,5.85,32,69,1708,23.99,14
1424,28480000,351983913,333549597,1226,5.32,90,8,1709,23.96,14
1425,28500000,351983931,333549628,1217,5.03,0,52,1710,24.01,12
1426,28520000,351983958,333549661,1115,5.9,17,9,1711,24.03,9
1427,28540000,351983966,333549693,1183,5.18,-42,24,1712,24.02,9
1428,28560000,351983962,333549726,1207,6.81,17,24,1714,23.99,14
1429,28580000,351983972,333549760,1204,5.51,69,-132,1715,24.04,11
1430,28600000,351983972,333549794,1206,7.58,-11,73,1716,24.0,10
1431,28620000,351983984,333549828,1181,7.29,-8,50,1717,24.03,11
1432,28640000,351983990,333549863,1261,4.48,23,69,1718,23.98,11
1433,28660000,351983996,333549899,1251,7.14,50,-16,1720,24.02,10
1434,28680000,351984006,333549935,1189,5.44,-100,62,1721,24.04,11
1435,28700000,351984003,333549971,1154,7.47,3,52,1722,23.99,12
1436,28720000,351984002,333550008,1276,6.49,-42,-78,1723,24.0,10
1437,28740000,351983988,333550045,1173,5.85,30,-55,1724,24.02,10
1438,28760000,351983987,333550083,1244,6.68,63,31,1726,24.02,10
1439,28780000,351983976,333550121,1273,5.27,19,-2,1727,24.02,13
1440,28800000,351983978,333550160,1160,6.28,79,28,1728,24.0,14
1441,28820000,351983972,333550199,1210,6.35,-60,-1,1729,23.96,10
1442,28840000,351983976,333550238,1185,5.74,-25,101,1730,24.0,12
1443,28860000,351983984,333550278,1221,6.35,-60,-62,1732,23.96,14
1444,28880000,351983973,333550319,1214,4.76,3,-36,1733,24.0,11
1445,28900000,351983969,333550359,1280,6.55,5,-17,1734,23.93,10
1446,28920000,351983963,333550401,1226,4.52,-12,-36,1735,24.04,10
1447,28940000,351983973,333550442,1203,6.62,-74,1,1736,24.05,9
1448,28960000,351983994,333550484,1249,6.45,-4,27,1738,24.01,13
1449,28980000,351984006,333550526,1194,6.72,-26,-35,1739,23.97,14
1450,29000000,351984005,333550569,1191,5.28,37,46,1740,23.99,9
1451,29020000,351984023,333550612,1296,9.39,-16,92,1741,24.02,10
1452,29040000,351984012,333550655,1175,5.66,71,81,1742,24.01,11
1453,29060000,351984030,333550699,1189,6.09,14,125,1744,23.97,9
1454,29080000,351984027,333550743,1211,5.06,-113,83,1745,24.03,9
1455,29100000,351984002,333550788,1168,7.55,-10,27,1746,24.01,14
1456,29120000,351984032,333550833,1127,5.38,-87,114,1747,24.01,13
1457,29140000,351984051,333550878,1254,7.06,59,63,1748,23.98,10
1458,29160000,351984044,333550923,1181,4.84,88,119,1750,23.99,14
1459,29180000,351984049,333550969,1192,6.28,-1,19,1751,23.97,13
1460,29200000,351984050,333551015,1199,5.5,27,-71,1752,23.99,12
1461,29220000,351984055,333551061,1176,6.99,-88,-26,1753,23.97,9
1462,29240000,351984043,333551108,1173,5.6,-137,37,1754,24.02,13
1463,29260000,351984040,333551155,1223,4.94,-34,55,1756,23.99,13
1464,29280000,351984048,333551202,1313,6.45,-15,19,1757,23.99,13
1465,29300000,351984053,333551250,1248,4.57,-92,77,1758,23.99,14
1466,29320000,351984069,333551297,1249,4.84,5,-25,1759,23.99,11
1467,29340000,351984073,333551345,1160,6.81,19,-4,1760,23.94,10
1468,29360000,351984100,333551394,1220,3.8,39,76,1762,24.02,13
1469,29380000,351984096,333551442,1174,6.8,95,31,1763,23.98,10
1470,29400000,351984102,333551491,1253,5.48,49,34,1764,23.96,9
1471,29420000,351984086,333551540,1214,4.89,-22,97,1765,23.95,9
1472,29440000,351984077,333551589,1226,6.22,6,82,1766,23.96,10
1473,29460000,351984093,333551639,1222,6.66,36,-8,1768,23.96,12
1474,29480000,351984087,333551688,1203,5.27,-64,39,1769,23.98,11
1475,29500000,351984096,333551738,1166,5.74,81,-52,1770,23.95,11
1476,29520000,351984099,333551788,1251,6.85,55,29,1771,23.98,14
1477,29540000,351984092,333551838,1173,6.8,-13,48,1772,23.98,14
1478,29560000,351984091,333551889,1182,5.88,-39,-53,1774,23.95,12
1479,29580000,351984090,333551939,1218,5.07,233,104,1775,24.04,11
1480,29600000,351984088,333551990,1203,4.87,51,125,1776,23.97,9
1481,29620000,351984099,333552041,1242,5.27,57,53,1777,23.98,12
1482,29640000,351984109,333552092,1273,6.72,110,74,1778,23.97,11
1483,29660000,351984106,333552143,1243,6.6,60,102,1780,23.96,11
1484,29680000,351984101,333552194,1242,6.29,13,21,1781,23.99,9
1485,29700000,351984107,333552245,1236,7.53,43,79,1782,24.01,10
1486,29720000,351984109,333552297,1270,5.61,-55,48,1783,23.96,10
1487,29740000,351984123,333552349,1163,5.52,44,-43,1784,23.94,9
1488,29760000,351984153,333552400,1252,5.52,-94,-13,1786,23.98,11
1489,29780000,351984164,333552452,1201,8.12,26,2,1787,23.9,12
1490,29800000,351984167,333552504,1190,3.62,34,81,1788,23.97,11
1491,29820000,351984169,333552556,1240,6.29,-95,34,1789,23.95,10
1492,29840000,351984164,333552608,1225,6.46,118,77,1790,23.97,9
1493,29860000,351984158,333552660,1265,6.03,-70,7,1792,23.91,14
1494,29880000,351984151,333552712,1287,8.61,64,-31,1793,23.94,13
1495,29900000,351984151,333552764,1150,7.29,-32,129,1794,23.93,12
1496,29920000,351984150,333552817,1241,6.83,19,161,1795,23.94,10
1497,29940000,351984161,333552869,1323,4.94,-39,48,1796,23.97,12
1498,29960000,351984160,333552921,1281,6.53,153,20,1798,23.95,9
1499,29980000,351984161,333552973,1305,5.54,63,87,1799,23.94,14
1500,30000000,351984152,333553026,1252,6.02,111,-23,1800,23.99,12
1501,30020000,351984172,333553078,1191,6.19,48,20,1801,23.95,10
1502,30040000,351984181,333553130,1204,5.42,43,-38,1803,23.89,13
1503,30060000,351984202,333553182,1279,6.68,10,53,1804,23.92,14
1504,30080000,351984213,333553235,1289,7.81,-13,41,1805,23.96,13
1505,30100000,351984231,333553287,1222,7.14,38,10,1806,23.96,13
1506,30120000,351984232,333553339,1242,6.22,10,-1,1807,23.95,13
1507,30140000,351984243,333553391,1264,3.79,-8,-43,1809,23.95,10
1508,30160000,351984273,333553443,1184,7.2,-83,-9,1810,23.92,14
1509,30180000,351984264,333553495,1241,7.19,-17,89,1811,23.94,10
1510,30200000,351984279,333553547,1321,5.76,38,13,1812,23.91,11
1511,30220000,351984300,333553599,1344,5.44,-27,90,1813,23.92,9
1512,30240000,351984307,333553650,1253,6.72,22,-11,1815,23.91,14
1513,30260000,351984318,333553702,1332,5.06,-7,26,1816,23.92,11
1514,30280000,351984334,333553754,1238,6.88,-62,7,1817,23.93,12
1515,30300000,351984331,333553805,1228,4.76,-54,17,1818,23.93,9
1516,30320000,351984338,333553856,1171,4.94,-44,67,1819,23.91,9
1517,30340000,351984333,333553907,1300,6.0,-16,-68,1821,23.97,13
1518,30360000,351984329,333553958,1248,4.34,-14,65,1822,23.92,14
1519,30380000,351984326,333554009,1357,5.98,70,63,1823,23.98,10
1520,30400000,351984328,333554060,1278,6.58,-65,30,1824,23.96,13
1521,30420000,351984333,333554110,1273,4.5,-124,33,1825,23.9,10
1522,30440000,351984341,333554161,1194,7.03,43,19,1827,23.96,11
1523,30460000,351984330,333554211,1327,5.35,-26,63,1828,23.89,14
1524,30480000,351984353,333554261,1253,6.6,-5,32,1829,23.97,14
1525,30500000,351984369,333554311,1262,6.23,158,-10,1830,23.94,10
1526,30520000,351984379,333554360,1181,5.47,91,37,1831,23.9,10
1527,30540000,351984379,333554410,1307,5.4,37,76,1833,23.86,11
1528,30560000,351984381,333554459,1310,4.06,59,47,1834,23.92,14
1529,30580000,351984390,333554508,1248,5.2,8,31,1835,23.89,12
1530,30600000,351984398,333554557,1276,5.12,60,39,1836,23.96,9
1531,30620000,351984384,333554605,1289,7.84,-35,6,1837,23.89,12
1532,30640000,351984395,333554654,1313,7.14,-42,7,1839,23.92,10
1533,30660000,351984428,333554702,1279,4.45,-27,-60,1840,23.94,10
1534,30680000,351984413,333554749,1345,6.89,98,21,1841,23.92,11
1535,30700000,351984426,333554797,1267,6.24,97,77,1842,23.93,12
1536,30720000,351984433,333554844,1253,5.56,-35,11,1843,23.91,11
1537,30740000,351984435,333554891,1260,6.51,73,-13,1845,23.94,10
1538,30760000,351984453,333554938,1178,6.88,-8,73,1846,23.89,9
1539,30780000,351984444,333554984,1248,5.35,67,38,1847,23.93,13
1540,30800000,351984449,333555030,1321,5.68,-17,36,1848,23.88,14
1541,30820000,351984467,333555076,1292,6.18,60,52,1849,23.92,10
1542,30840000,351984469,333555121,1250,4.88,-5,63,1851,23.88,12
1543,30860000,351984468,333555166,1298,6.2,-15,28,1852,23.91,10
1544,30880000,351984472,333555211,1204,5.9,0,-9,1853,23.93,11
1545,30900000,351984471,333555256,1274,5.23,11,113,1854,23.95,11
1546,30920000,351984490,333555300,1307,5.05,-33,32,1855,23.86,12
1547,30940000,351984484,333555344,1315,6.34,-82,-6,1857,23.89,10
1548,30960000,351984497,333555387,1257,6.98,106,39,1858,23.88,14
1549,30980000,351984487,333555430,1325,6.37,-22,87,1859,23.94,13
1550,31000000,351984497,333555473,1364,5.03,-109,-37,1860,23.88,11
1551,31020000,351984499,333555515,1273,6.84,-137,92,1861,23.93,13
1552,31040000,351984476,333555557,1321,6.19,-170,23,1863,23.89,10
1553,31060000,351984480,333555598,1230,6.66,-35,125,1864,23.86,9
1554,31080000,351984472,333555640,1214,7.3,85,62,1865,23.91,14
1555,31100000,351984471,333555680,1318,4.98,-98,25,1866,23.87,14
1556,31120000,351984490,333555721,1296,5.84,-17,90,1867,23.92,12
1557,31140000,351984482,333555761,1303,5.32,-111,91,1869,23.93,13
1558,31160000,351984474,333555800,1273,5.01,70,13,1870,23.94,13
1559,31180000,351984492,333555839,1285,8.25,24,41,1871,23.87,9
1560,31200000,351984497,333555878,1330,7.05,22,5,1872,23.95,13
1561,31220000,351984516,333555916,1367,4.01,85,74,1873,23.93,11
1562,31240000,351984523,333555954,1291,6.48,103,-37,1875,23.84,11
1563,31260000,351984517,333555991,1234,5.37,65,21,1876,23.96,12
1564,31280000,351984520,333556028,1352,7.29,-33,-71,1877,23.95,14
1565,31300000,351984536,333556064,1326,6.09,-79,58,1878,23.86,12
1566,31320000,351984549,333556100,1330,5.8,-62,-76,1879,23.9,14
1567,31340000,351984552,333556136,1311,6.16,-105,-20,1881,23.85,9
1568,31360000,351984556,333556171,1397,6.43,113,42,1882,23.89,13
1569,31380000,351984558,333556205,1308,6.03,-9,13,1883,23.9,14
1570,31400000,351984555,333556239,1327,5.75,10,8,1884,23.91,13
1571,31420000,351984578,333556273,1233,5.84,14,-15,1885,23.87,11
1572,31440000,351984582,333556306,1285,6.57,126,7,1887,23.89,11
1573,31460000,351984574,333556338,1281,4.73,-32,-53,1888,23.86,13
1574,31480000,351984572,333556371,1308,6.0,75,45,1889,23.9,13
1575,31500000,351984583,333556402,1324,5.86,21,68,1890,23.91,12
1576,31520000,351984593,333556433,1281,5.45,-6,66,1891,23.89,11
1577,31540000,351984595,333556464,1381,6.82,-115,28,1893,23.92,14
1578,31560000,351984591,333556494,1270,4.55,59,88,1894,23.91,14
1579,31580000,351984595,333556523,1296,5.59,-43,52,1895,23.89,10
1580,31600000,351984581,333556552,1324,5.04,-25,75,1896,23.92,14
1581,31620000,351984571,333556580,1265,6.61,16,48,1897,23.84,13
1582,31640000,351984582,333556608,1339,5.47,8,31,1899,23.88,12
1583,31660000,351984581,333556636,1342,6.05,71,-6,1900,23.83,10
1584,31680000,351984588,333556662,1306,6.43,-38,-95,1901,23.88,13
1585,31700000,351984604,333556689,1395,4.21,12,60,1902,23.86,14
1586,31720000,351984614,333556714,1323,6.51,19,24,1903,23.9,12
1587,31740000,351984617,333556739,1332,5.16,4,124,1905,23.86,10
1588,31760000,351984643,333556764,1283,5.71,44,-64,1906,23.86,10
1589,31780000,351984653,333556788,1255,5.87,-13,70,1907,23.87,9
1590,31800000,351984652,333556811,1298,6.91,76,-14,1908,23.87,11
1591,31820000,351984663,333556834,1311,6.83,-41,30,1909,23.89,11
1592,31840000,351984671,333556856,1306,7.98,-86,-11,1911,23.85,14
1593,31860000,351984665,333556878,1356,6.2,0,46,1912,23.83,13
1594,31880000,351984669,333556899,1231,5.47,75,28,1913,23.82,14
1595,31900000,351984671,333556919,1282,5.44,-29,72,1914,23.9,11
1596,31920000,351984654,333556939,1255,6.73,-36,37,1915,23.83,12
1597,31940000,351984656,333556959,1382,7.8,-18,53,1917,23.85,13
1598,31960000,351984656,333556977,1307,6.38,12,91,1918,23.83,10
1599,31980000,351984655,333556995,1310,5.35,-8,54,1919,23.89,13
1600,32000000,351984641,333557013,1287,6.31,21,23,1920,23.85,13
1601,32020000,351984641,333557030,1368,6.29,-103,89,1921,23.9,10
1602,32040000,351984644,333557046,1316,6.04,95,24,1923,23.84,11
1603,32060000,351984648,333557062,1343,5.17,38,49,1924,23.87,11
1604,32080000,351984640,333557077,1253,3.16,-50,14,1925,23.89,11
1605,32100000,351984650,333557092,1382,5.4,87,-1,1926,23.89,14
1606,32120000,351984641,333557105,1352,7.18,30,-112,1927,23.83,10
1607,32140000,351984642,333557119,1359,6.24,93,63,1929,23.85,12
1608,32160000,351984659,333557131,1387,3.52,-70,-24,1930,23.86,14
1609,32180000,351984655,333557143,1331,6.01,105,65,1931,23.8,14
1610,32200000,351984653,333557155,1333,3.93,5,116,1932,23.88,13
1611,32220000,351984667,333557165,1369,8.23,-124,-32,1933,23.87,11
1612,32240000,351984667,333557176,1358,6.21,49,72,1935,23.87,14
1613,32260000,351984667,333557185,1332,4.65,-16,25,1936,23.81,10
1614,32280000,351984673,333557194,1345,6.89,-60,51,1937,23.86,11
1615,32300000,351984687,333557202,1324,5.12,-10,-26,1938,23.87,14
1616,32320000,351984667,333557210,1373,6.63,-117,31,1939,23.88,11
1617,32340000,351984662,333557217,1383,6.02,38,37,1941,23.84,11
1618,32360000,351984655,333557223,1347,4.68,-10,98,1942,23.87,14
1619,32380000,351984647,333557229,1422,6.75,-14,132,1943,23.91,9
1620,32400000,351984642,333557234,1286,4.5,89,45,1944,23.84,10
1621,32420000,351984637,333557239,1339,7.5,4,13,1945,23.84,13
1622,32440000,351984643,333557243,1418,6.07,-38,135,1947,23.84,10
1623,32460000,351984637,333557246,1334,4.85,-56,25,1948,23.8,12
1624,32480000,351984642,333557249,1287,3.97,-1,27,1949,23.84,12
1625,32500000,351984649,333557250,1408,7.81,68,35,1950,23.89,13
1626,32520000,351984645,333557252,1375,7.63,-33,52,1951,23.82,10
1627,32540000,351984650,333557253,1306,4.59,-61,64,1953,23.84,14
1628,32560000,351984670,333557253,1386,7.85,59,3,1954,23.88,12
1629,32580000,351984677,333557252,1315,6.19,6,25,1955,23.86,13
1630,32600000,351984673,333557251,1303,5.75,0,119,1956,23.85,11
1631,32620000,351984676,333557249,1351,5.9,131,106,1957,23.83,9
1632,32640000,351984670,333557247,1339,5.7,-72,51,1959,23.84,11
1633,32660000,351984676,333557244,1315,7.6,14,43,1960,23.84,9
1634,32680000,351984688,333557240,1345,6.17,-107,19,1961,23.86,12
1635,32700000,351984683,333557236,1320,3.94,-16,79,1962,23.84,14
1636,32720000,351984684,333557231,1364,8.35,38,6,1963,23.86,12
1637,32740000,351984699,333557225,1361,6.99,72,36,1965,23.78,13
1638,32760000,351984697,333557219,1393,4.78,-75,8,1966,23.86,9
1639,32780000,351984703,333557212,1346,5.6,54,1,1967,23.82,13
1640,32800000,351984695,333557204,1311,4.99,50,32,1968,23.83,9
1641,32820000,351984690,333557196,1313,6.05,-5,30,1969,23.82,12
1642,32840000,351984689,333557188,1357,6.44,154,3,1971,23.85,9
1643,32860000,351984714,333557178,1429,6.27,2,27,1972,23.83,12
1644,32880000,351984713,333557169,1402,5.33,-51,33,1973,23.85,10
1645,32900000,351984711,333557158,1343,5.1,28,8,1974,23.8,9
1646,32920000,351984709,333557147,1408,6.95,-112,0,1975,23.83,14
1647,32940000,351984710,333557135,1324,5.89,98,24,1977,23.86,11
1648,32960000,351984720,333557123,1412,8.52,63,64,1978,23.86,9
1649,32980000,351984725,333557110,1357,5.1,-22,83,1979,23.81,12
1650,33000000,351984749,333557096,1404,6.88,40,39,1980,23.83,10
1651,33020000,351984755,333557082,1399,6.05,35,17,1981,23.81,10
1652,33040000,351984773,333557067,1364,5.15,122,29,1983,23.82,10
1653,33060000,351984779,333557052,1389,7.53,-35,121,1984,23.82,9
1654,33080000,351984788,333557036,1334,6.14,-77,74,1985,23.86,14
1655,33100000,351984777,333557019,1374,5.0,-123,-14,1986,23.84,14
1656,33120000,351984779,333557002,1422,5.64,-15,28,1987,23.86,11
1657,33140000,351984782,333556985,1543,7.14,-94,5,1989,23.86,9
1658,33160000,351984783,333556966,1408,4.63,-8,13,1990,23.78,11
1659,33180000,351984764,333556947,1384,7.55,27,-49,1991,23.83,12
1660,33200000,351984777,333556928,1341,6.77,-24,32,1992,23.8,11
1661,33220000,351984776,333556908,1425,5.69,-55,-33,1993,23.77,13
1662,33240000,351984775,333556887,1317,7.52,76,2,1995,23.78,11
1663,33260000,351984776,333556866,1352,7.96,-9,102,1996,23.8,11
1664,33280000,351984777,333556845,1399,6.67,16,78,1997,23.86,13
1665,33300000,351984784,333556822,1337,6.19,61,-10,1998,23.81,14
1666,33320000,351984775,333556800,1448,8.07,-78,-18,1999,23.81,12
1667,33340000,351984769,333556776,1431,7.68,-54,-12,2001,23.81,10
1668,33360000,351984775,333556752,1365,4.96,156,-58,2002,23.79,12
1669,33380000,351984780,333556728,1367,5.77,-7,-15,2003,23.81,14
1670,33400000,351984779,333556703,1337,5.76,-61,18,2004,23.81,10
1671,33420000,351984777,333556677,1334,5.54,-13,-18,2005,23.76,14
1672,33440000,351984772,333556651,1409,4.32,-32,66,2007,23.79,11
1673,33460000,351984775,333556625,1417,7.01,-73,28,2008,23.9,12
1674,33480000,351984790,333556598,1407,6.09,-22,5,2009,23.82,12
1675,33500000,351984783,333556570,1405,6.11,1,114,2010,23.8,11
1676,33520000,351984801,333556542,1372,7.58,1,64,2011,23.82,9
1677,33540000,351984813,333556513,1410,5.36,35,34,2013,23.77,14
1678,33560000,351984812,333556484,1337,5.94,-104,118,2014,23.8,14
1679,33580000,351984823,333556455,1398,6.31,-89,93,2015,23.83,11
1680,33600000,351984812,333556425,1457,5.51,51,-2,2016,23.75,9
1681,33620000,351984798,333556394,1452,5.88,-24,46,2017,23.78,14
1682,33640000,351984788,333556363,1381,6.86,77,10,2019,23.79,9
1683,33660000,351984787,333556332,1387,5.99,21,-37,2020,23.79,9
1684,33680000,351984787,333556300,1457,7.5,-84,121,2021,23.78,13
1685,33700000,351984786,333556267,1474,5.15,35,102,2022,23.8,9
1686,33720000,351984790,333556234,1343,6.23,-60,-29,2023,23.82,13
1687,33740000,351984772,333556201,1387,4.39,18,54,2025,23.8,10
1688,33760000,351984780,333556167,1414,5.87,78,-47,2026,23.82,13
1689,33780000,351984769,333556133,1455,5.21,132,82,2027,23.82,14
1690,33800000,351984766,333556098,1373,7.53,-1,28,2028,23.77,12
1691,33820000,351984765,333556063,1433,6.84,45,17,2029,23.8,11
1692,33840000,351984757,333556027,1396,6.57,21,90,2031,23.78,13
1693,33860000,351984747,333555992,1504,8.08,51,31,2032,23.81,11
1694,33880000,351984740,333555955,1427,7.63,-155,18,2033,23.78,9
1695,33900000,351984743,333555918,1405,6.81,-21,74,2034,23.78,13
1696,33920000,351984752,333555881,1398,5.22,20,16,2035,23.84,12
1697,33940000,351984761,333555844,1455,4.37,31,72,2037,23.78,10
1698,33960000,351984755,333555806,1440,5.97,-44,31,2038,23.74,11
1699,33980000,351984750,333555767,1371,5.6,53,70,2039,23.79,11
1700,34000000,351984744,333555729,1424,5.27,70,60,2040,23.79,10
1701,34020000,351984752,333555690,1362,5.67,6,68,2041,23.77,12
1702,34040000,351984735,333555650,1386,4.13,-11,-17,2043,23.78,14
1703,34060000,351984751,333555610,1365,7.68,-19,120,2044,23.81,9
1704,34080000,351984749,333555570,1365,4.71,11,23,2045,23.76,13
1705,34100000,351984745,333555530,1391,5.24,75,115,2046,23.77,11
1706,34120000,351984752,333555489,1380,6.64,94,2,2047,23.76,9
1707,34140000,351984765,333555448,1442,4.16,-26,17,2049,23.79,12
1708,34160000,351984772,333555406,1454,7.04,-54,18,2050,23.77,10
1709,34180000,351984786,333555365,1413,7.06,-46,86,2051,23.75,11
1710,34200000,351984791,333555322,1378,5.65,63,10,2052,23.77,13
1711,34220000,351984806,333555280,1456,4.78,16,50,2053,23.83,10
1712,34240000,351984822,333555237,1344,5.46,20,-44,2055,23.72,11
1713,34260000,351984824,333555194,1348,3.91,32,7,2056,23.73,9
1714,34280000,351984842,333555151,1456,7.57,25,41,2057,23.78,9
1715,34300000,351984847,333555108,1454,6.06,-5,25,2058,23.73,14
1716,34320000,351984851,333555064,1467,5.17,-61,-58,2059,23.83,13
1717,34340000,351984845,333555020,1420,4.97,-35,54,2061,23.73,13
1718,34360000,351984846,333554976,1379,6.65,9,-15,2062,23.73,11
1719,34380000,351984857,333554931,1410,7.7,26,124,2063,23.75,12
1720,34400000,351984847,333554886,1454,4.56,-20,21,2064,23.8,11
1721,34420000,351984857,333554841,1402,5.35,-23,139,2065,23.79,13
1722,34440000,351984864,333554796,1405,4.01,86,62,2067,23.78,14
1723,34460000,351984870,333554751,1378,6.77,-26,53,2068,23.77,9
1724,34480000,351984851,333554705,1388,6.18,16,7,2069,23.8,11
1725,34500000,351984853,333554659,1470,8.56,-17,25,2070,23.71,14
1726,34520000,351984863,333554613,1455,5.86,-50,52,2071,23.77,9
1727,34540000,351984859,333554567,1391,5.51,-90,-62,2073,23.8,11
1728,34560000,351984863,333554521,1395,5.2,-30,78,2074,23.73,9
1729,34580000,351984843,333554474,1416,6.97,-48,-25,2075,23.77,11
1730,34600000,351984853,333554427,1462,4.15,54,18,2076,23.79,13
1731,34620000,351984849,333554380,1394,6.85,-68,-100,2077,23.79,9
1732,34640000,351984862,333554333,1435,6.28,-22,52,2079,23.75,11
1733,34660000,351984846,333554286,1356,5.43,42,66,2080,23.81,10
1734,34680000,351984857,333554239,1393,4.97,-4,44,2081,23.77,13
1735,34700000,351984858,333554192,1461,7.2,32,46,2082,23.79,9
1736,34720000,351984869,333554144,1481,8.12,53,13,2083,23.72,14
1737,34740000,351984863,333554096,1399,5.49,-99,38,2085,23.73,11
1738,34760000,351984860,333554049,1415,6.6,-22,89,2086,23.73,13
1739,34780000,351984886,333554001,1479,7.98,-56,10,2087,23.8,11
1740,34800000,351984881,333553953,1433,5.3,85,55,2088,23.68,10
1741,34820000,351984877,333553905,1427,5.71,-4,65,2089,23.7,12
1742,34840000,351984878,333553857,1471,4.61,32,19,2091,23.77,11
1743,34860000,351984871,333553809,1459,5.83,106,42,2092,23.75,9
1744,34880000,351984886,333553761,1496,5.91,-19,41,2093,23.66,13
1745,34900000,351984907,333553713,1484,5.52,7,7,2094,23.73,14
1746,34920000,351984903,333553664,1430,5.16,27,148,2095,23.74,10
1747,34940000,351984889,333553616,1449,4.2,-13,10,2097,23.78,14
1748,34960000,351984904,333553568,1452,4.47,79,113,2098,23.69,12
1749,34980000,351984919,333553520,1401,4.89,52,82,2099,23.73,9
1750,35000000,351984930,333553471,1417,6.73,63,-67,2100,23.77,13
1751,35020000,351984945,333553423,1496,5.42,5,43,2101,23.76,9
1752,35040000,351984940,333553375,1394,5.03,-18,80,2103,23.71,9
1753,35060000,351984941,333553327,1499,6.75,-19,70,2104,23.73,13
1754,35080000,351984931,333553278,1471,6.64,-19,-12,2105,23.7,11
1755,35100000,351984920,333553230,1455,5.14,-98,43,2106,23.78,11
1756,35120000,351984933,333553182,1483,5.29,24,-27,2107,23.72,11
1757,35140000,351984930,333553134,1482,6.75,52,-19,2109,23.77,10
1758,35160000,351984956,333553086,1512,6.42,1,19,2110,23.76,13
1759,35180000,351984960,333553038,1448,5.05,-27,40,2111,23.71,10
1760,35200000,351984957,333552990,1456,6.27,4,108,2112,23.73,11
1761,35220000,351984968,333552942,1456,5.97,16,48,2113,23.75,10
1762,35240000,351984990,333552895,1542,7.27,22,82,2115,23.74,14
1763,35260000,351984998,333552847,1505,5.01,112,-27,2116,23.78,14
1764,35280000,351984989,333552799,1431,7.01,-49,-25,2117,23.76,12
1765,35300000,351984996,333552752,1456,6.49,24,7,2118,23.74,13
1766,35320000,351985013,333552705,1442,4.85,44,115,2119,23.75,13
1767,35340000,351985012,333552658,1471,7.2,7,-33,2121,23.71,10
1768,35360000,351985007,333552611,1480,7.04,-11,-45,2122,23.71,10
1769,35380000,351985021,333552564,1565,4.49,-60,27,2123,23.74,14
1770,35400000,351985025,333552517,1400,8.27,-33,88,2124,23.73,9
1771,35420000,351985018,333552471,1515,4.69,45,-48,2125,23.69,10
1772,35440000,351985017,333552424,1493,4.95,90,18,2127,23.72,14
1773,35460000,351985013,333552378,1448,5.63,-37,-34,2128,23.7,13
1774,35480000,351985019,333552332,1471,6.88,31,101,2129,23.71,13
1775,35500000,351985024,333552286,1458,6.67,34,64,2130,23.76,13
1776,35520000,351985039,333552241,1480,5.89,63,44,2131,23.69,11
1777,35540000,351985049,333552195,1520,7.57,17,28,2133,23.7,11
1778,35560000,351985037,333552150,1419,6.46,29,19,2134,23.74,13
1779,35580000,351985044,333552105,1534,7.6,56,37,2135,23.72,13
1780,35600000,351985056,333552060,1467,9.23,-68,0,2136,23.72,12
1781,35620000,351985064,333552016,1543,6.22,5,-12,2137,23.67,10
1782,35640000,351985078,333551972,1500,3.04,-105,-23,2139,23.71,13
1783,35660000,351985076,333551928,1534,5.48,-117,31,2140,23.7,13
1784,35680000,351985070,333551884,1508,4.76,-47,-7,2141,23.69,13
1785,35700000,351985082,333551841,1530,6.11,-91,73,2142,23.7,10
1786,35720000,351985075,333551797,1489,6.11,33,-71,2143,23.7,13
1787,35740000,351985057,333551754,1454,4.59,62,58,2145,23.74,9
1788,35760000,351985070,333551712,1516,4.67,-16,56,2146,23.77,10
1789,35780000,351985066,333551669,1518,5.7,-6,89,2147,23.71,11
1790,35800000,351985067,333551627,1574,5.77,-11,18,2148,23.75,12
1791,35820000,351985056,333551586,1411,3.0,-13,-42,2149,23.71,13
1792,35840000,351985046,333551544,1484,7.12,10,-14,2151,23.66,11
1793,35860000,351985038,333551503,1535,6.04,23,85,2152,23.71,13
1794,35880000,351985038,333551462,1443,5.99,-25,15,2153,23.74,12
1795,35900000,351985045,333551422,1485,6.34,-45,10,2154,23.75,10
1796,35920000,351985025,333551382,1580,4.82,-29,2,2155,23.68,12
1797,35940000,351985036,333551342,1553,5.94,50,27,2157,23.77,9
1798,35960000,351985027,333551303,1462,7.2,-23,19,2158,23.68,10
1799,35980000,351985020,333551264,1555,7.25,90,-45,2159,23.68,12
1800,36000000,351985030,333551225,1546,6.53,-12,1,2160,23.69,13
1801,36020000,351985033,333551187,1531,5.68,85,79,2161,23.74,13
1802,36040000,351985021,333551149,1516,5.05,-70,101,2163,23.71,14
1803,36060000,351985042,333551112,1511,7.53,-39,24,2164,23.72,9
1804,36080000,351985037,333551074,1467,6.61,31,5,2165,23.63,9
1805,36100000,351985043,333551038,1482,5.51,31,96,2166,23.69,9
1806,36120000,351985048,333551001,1533,3.48,-7,21,2167,23.69,11
1807,36140000,351985066,333550966,1510,4.99,125,-26,2169,23.72,11
1808,36160000,351985065,333550930,1580,3.76,6,24,2170,23.68,14
1809,36180000,351985078,333550895,1493,7.45,19,64,2171,23.73,10
1810,36200000,351985074,333550860,1411,6.22,-32,106,2172,23.67,13
1811,36220000,351985088,333550826,1495,5.13,102,6,2173,23.65,11
1812,36240000,351985084,333550793,1520,5.68,53,56,2175,23.64,11
1813,36260000,351985084,333550759,1525,9.03,27,14,2176,23.73,10
1814,36280000,351985106,333550726,1513,7.42,-96,86,2177,23.71,9
1815,36300000,351985113,333550694,1478,4.43,24,43,2178,23.67,13
1816,36320000,351985117,333550662,1572,5.85,-26,43,2179,23.72,11
1817,36340000,351985143,333550631,1486,4.56,25,-17,2181,23.68,13
1818,36360000,351985150,333550600,1542,3.98,57,14,2182,23.68,9
1819,36380000,351985145,333550569,1503,6.2,-43,14,2183,23.64,14
1820,36400000,351985156,333550539,1468,8.83,15,-144,2184,23.67,10
1821,36420000,351985147,333550510,1573,7.83,55,72,2185,23.69,9
1822,36440000,351985162,333550481,1417,6.05,11,29,2187,23.69,11
1823,36460000,351985177,333550452,1484,5.56,-17,20,2188,23.67,9
1824,36480000,351985175,333550424,1536,6.24,-61,12,2189,23.71,13
1825,36500000,351985172,333550397,1506,7.22,-38,31,2190,23.72,14
1826,36520000,351985177,333550370,1551,4.28,-74,42,2191,23.66,13
1827,36540000,351985180,333550343,1517,3.8,61,-33,2193,23.69,13
1828,36560000,351985174,333550317,1504,8.21,8,36,2194,23.63,10
1829,36580000,351985183,333550292,1610,6.33,-71,35,2195,23.69,13
1830,36600000,351985166,333550267,1515,7.89,1,31,2196,23.65,14
1831,36620000,351985165,333550243,1519,6.28,-75,-41,2197,23.67,9
1832,36640000,351985164,333550219,1482,7.74,-196,23,2199,23.68,9
1833,36660000,351985165,333550196,1497,5.28,74,-31,2200,23.67,14
1834,36680000,351985171,333550173,1553,6.59,72,47,2201,23.7,9
1835,36700000,351985162,333550151,1551,7.83,-86,94,2202,23.65,10
1836,36720000,351985171,333550129,1529,7.21,-41,72,2203,23.66,14
1837,36740000,351985173,333550108,1502,5.46,14,13,2205,23.68,9
1838,36760000,351985170,333550088,1558,7.06,-21,4,2206,23.67,14
1839,36780000,351985160,333550068,1463,5.21,-49,2,2207,23.68,9
1840,36800000,351985151,333550048,1519,4.31,-29,47,2208,23.66,10
1841,36820000,351985158,333550030,1523,6.62,-12,-1,2209,23.64,9
1842,36840000,351985152,333550011,1500,7.66,-31,4,2211,23.69,12
1843,36860000,351985156,333549994,1541,7.01,14,-91,2212,23.67,12
1844,36880000,351985170,333549977,1509,4.51,-12,-10,2213,23.69,9
1845,36900000,351985183,333549960,1505,7.03,-43,-7,2214,23.7,11
1846,36920000,351985202,333549944,1610,6.81,3,4,2215,23.65,12
1847,36940000,351985203,333549929,1568,5.45,-98,89,2217,23.64,10
1848,36960000,351985195,333549915,1587,3.05,88,-35,2218,23.65,10
1849,36980000,351985209,333549901,1542,7.21,-102,-34,2219,23.64,10
1850,37000000,351985215,333549887,1580,7.05,-3,59,2220,23.6,10
1851,37020000,351985230,333549874,1573,6.59,22,-17,2221,23.71,10
1852,37040000,351985233,333549862,1591,3.94,26,22,2223,23.67,9
1853,37060000,351985248,333549850,1638,4.23,17,38,2224,23.72,13
1854,37080000,351985260,333549839,1535,7.2,77,31,2225,23.64,10
1855,37100000,351985271,333549829,1556,6.95,-65,-7,2226,23.67,11
1856,37120000,351985279,333549819,1544,6.59,-2,74,2227,23.66,9
1857,37140000,351985286,333549810,1406,5.71,10,103,2229,23.65,9
1858,37160000,351985292,333549801,1492,6.47,-28,-18,2230,23.68,13
1859,37180000,351985298,333549793,1550,5.35,-33,17,2231,23.65,14
1860,37200000,351985311,333549786,1575,5.63,79,76,2232,23.65,13
1861,37220000,351985309,333549779,1527,4.97,-41,20,2233,23.65,14
1862,37240000,351985330,333549773,1597,6.31,-27,-18,2235,23.58,13
1863,37260000,351985332,333549768,1604,5.5,-14,9,2236,23.63,11
1864,37280000,351985345,333549763,1537,7.13,-11,70,2237,23.63,9
1865,37300000,351985348,333549758,1611,6.86,11,-18,2238,23.69,12
1866,37320000,351985348,333549755,1625,5.03,-10,42,2239,23.66,9
1867,37340000,351985372,333549752,1574,8.19,24,48,2241,23.67,9
1868,37360000,351985372,333549750,1517,4.66,9,-1,2242,23.66,9
1869,37380000,351985363,333549748,1616,6.54,30,57,2243,23.64,12
1870,37400000,351985359,333549747,1552,7.29,83,62,2244,23.69,12
1871,37420000,351985359,333549746,1544,7.53,-49,78,2245,23.64,9
1872,37440000,351985384,333549747,1565,3.36,100,75,2247,23.6,13
1873,37460000,351985390,333549747,1539,7.2,-25,-42,2248,23.66,10
1874,37480000,351985402,333549749,1605,7.46,41,73,2249,23.67,11
1875,37500000,351985396,333549751,1594,7.72,11,58,2250,23.64,14
1876,37520000,351985402,333549754,1612,3.34,-16,77,2251,23.65,11
1877,37540000,351985412,333549757,1587,5.19,-116,-10,2253,23.66,9
1878,37560000,351985434,333549761,1533,5.88,98,74,2254,23.68,11
1879,37580000,351985430,333549766,1559,5.47,-43,48,2255,23.65,12
1880,37600000,351985440,333549771,1602,7.6,-45,-25,2256,23.68,9
1881,37620000,351985446,333549777,1551,5.19,65,92,2257,23.64,12
1882,37640000,351985439,333549783,1685,7.47,5,-7,2259,23.69,9
1883,37660000,351985442,333549790,1559,6.67,115,-18,2260,23.59,10
1884,37680000,351985443,333549798,1547,4.26,102,49,2261,23.66,12
1885,37700000,351985423,333549806,1617,4.81,43,0,2262,23.64,14
1886,37720000,351985432,333549815,1602,5.44,16,47,2263,23.63,12
1887,37740000,351985441,333549825,1571,6.12,47,18,2265,23.59,12
1888,37760000,351985440,333549835,1564,7.19,-77,44,2266,23.66,11
1889,37780000,351985430,333549846,1591,5.78,11,69,2267,23.62,9
1890,37800000,351985448,333549858,1608,7.09,10,28,2268,23.6,12
1891,37820000,351985454,333549870,1606,4.11,-26,72,2269,23.61,13
1892,37840000,351985468,333549883,1565,2.34,16,71,2271,23.62,12
1893,37860000,351985485,333549896,1595,5.6,-85,-10,2272,23.63,11
1894,37880000,351985483,333549910,1612,6.55,55,71,2273,23.6,14
1895,37900000,351985495,333549924,1610,5.57,78,60,2274,23.6,10
1896,37920000,351985495,333549940,1457,4.79,-76,36,2275,23.63,12
1897,37940000,351985498,333549955,1545,6.51,10,84,2277,23.62,11
1898,37960000,351985501,333549972,1551,8.32,93,110,2278,23.68,10
1899,37980000,351985504,333549989,1573,5.88,26,67,2279,23.61,12
1900,38000000,351985518,333550007,1591,5.13,-60,-40,2280,23.64,11
1901,38020000,351985523,333550025,1621,4.99,-57,52,2281,23.67,11
1902,38040000,351985525,333550044,1610,8.36,52,24,2283,23.61,14
1903,38060000,351985525,333550063,1581,5.95,110,17,2284,23.64,11
1904,38080000,351985532,333550083,1588,6.73,-63,47,2285,23.62,9
1905,38100000,351985527,333550104,1658,7.46,3,14,2286,23.62,9
1906,38120000,351985525,333550125,1564,7.29,-45,109,2287,23.66,14
1907,38140000,351985528,333550146,1601,4.89,-15,43,2289,23.58,9
1908,38160000,351985525,333550169,1653,7.15,19,31,2290,23.59,13
1909,38180000,351985527,333550192,1605,7.01,-1,68,2291,23.56,11
1910,38200000,351985525,333550215,1510,6.59,-39,69,2292,23.61,10
1911,38220000,351985548,333550239,1608,7.21,126,87,2293,23.64,14
1912,38240000,351985565,333550264,1578,5.33,-8,61,2295,23.6,12
1913,38260000,351985573,333550289,1590,5.91,-9,28,2296,23.63,10
1914,38280000,351985575,333550315,1637,5.37,67,37,2297,23.58,10
1915,38300000,351985601,333550341,1615,6.91,1,-73,2298,23.64,10
1916,38320000,351985607,333550368,1586,5.22,-10,-40,2299,23.6,9
1917,38340000,351985610,333550395,1633,6.47,57,81,2301,23.59,11
1918,38360000,351985616,333550423,1616,4.69,-60,14,2302,23.65,13
1919,38380000,351985622,333550452,1603,5.85,45,118,2303,23.6,10
1920,38400000,351985640,333550481,1612,5.57,62,118,2304,23.62,10
1921,38420000,351985643,333550510,1611,5.86,40,-29,2305,23.6,14
1922,38440000,351985667,333550540,1588,6.16,-9,45,2307,23.62,11
1923,38460000,351985662,333550571,1584,5.78,0,170,2308,23.6,13
1924,38480000,351985672,333550602,1604,5.74,-101,-7,2309,23.56,12
1925,38500000,351985665,333550634,1566,3.52,-6,49,2310,23.61,13
1926,38520000,351985687,333550666,1555,7.33,18,19,2311,23.61,13
1927,38540000,351985687,333550699,1658,5.25,52,19,2313,23.61,9
1928,38560000,351985690,333550732,1597,5.71,9,17,2314,23.59,12
1929,38580000,351985702,333550765,1607,5.01,-21,29,2315,23.65,11
1930,38600000,351985718,333550799,1603,7.2,-48,67,2316,23.57,10
1931,38620000,351985710,333550834,1610,4.91,-1,-8,2317,23.6,13
1932,38640000,351985710,333550869,1611,6.61,9,55,2319,23.6,9
1933,38660000,351985700,333550905,1613,7.41,73,-3,2320,23.56,12
1934,38680000,351985704,333550941,1580,7.97,1,56,2321,23.56,11
1935,38700000,351985707,333550977,1650,7.43,-28,46,2322,23.61,9
1936,38720000,351985706,333551014,1586,6.74,-5,-6,2323,23.61,10
1937,38740000,351985703,333551052,1656,4.56,-27,37,2325,23.59,14
1938,38760000,351985702,333551089,1538,7.55,-12,-4,2326,23.54,13
1939,38780000,351985698,333551128,1573,7.43,-130,-10,2327,23.58,14
1940,38800000,351985707,333551166,1656,7.01,-93,87,2328,23.59,13
1941,38820000,351985725,333551206,1612,6.97,-69,-57,2329,23.6,13
1942,38840000,351985709,333551245,1592,6.1,28,57,2331,23.62,10
1943,38860000,351985712,333551285,1634,5.39,-3,65,2332,23.6,12
1944,38880000,351985711,333551326,1578,7.3,9,2,2333,23.61,9
1945,38900000,351985719,333551366,1624,7.53,70,83,2334,23.63,9
1946,38920000,351985713,333551408,1533,4.76,-60,74,2335,23.51,12
1947,38940000,351985715,333551449,1604,7.1,68,-31,2337,23.61,11
1948,38960000,351985708,333551491,1597,6.3,23,56,2338,23.57,9
1949,38980000,351985718,333551533,1646,7.07,-41,53,2339,23.59,11
1950,39000000,351985722,333551576,1660,6.34,89,-4,2340,23.58,9
1951,39020000,351985724,333551619,1592,7.34,-83,58,2341,23.55,12
1952,39040000,351985731,333551663,1691,7.24,-65,67,2343,23.55,12
1953,39060000,351985732,333551707,1604,7.07,-11,-4,2344,23.59,12
1954,39080000,351985720,333551751,1546,4.36,25,-65,2345,23.57,12
1955,39100000,351985729,333551795,1534,7.0,-10,50,2346,23.59,9
1956,39120000,351985735,333551840,1692,6.07,-125,-5,2347,23.56,12
1957,39140000,351985737,333551885,1627,4.67,-16,-52,2349,23.63,12
1958,39160000,351985750,333551931,1606,6.86,-3,12,2350,23.56,12
1959,39180000,351985766,333551977,1603,4.38,151,-84,2351,23.63,13
1960,39200000,351985758,333552023,1590,7.09,82,14,2352,23.55,9
1961,39220000,351985754,333552069,1688,8.04,8,103,2353,23.58,10
1962,39240000,351985772,333552116,1632,5.42,-63,-107,2355,23.6,11
1963,39260000,351985790,333552163,1707,7.12,21,53,2356,23.53,9
1964,39280000,351985786,333552210,1629,6.56,-68,-13,2357,23.54,12
1965,39300000,351985777,333552258,1544,6.8,13,10,2358,23.58,11
1966,39320000,351985774,333552305,1672,4.41,22,-13,2359,23.6,10
1967,39340000,351985773,333552353,1624,6.75,-22,61,2361,23.6,11
1968,39360000,351985760,333552402,1631,6.18,15,30,2362,23.58,13
1969,39380000,351985764,333552450,1704,6.91,-18,-7,2363,23.59,14
1970,39400000,351985754,333552499,1631,6.03,-32,-32,2364,23.53,10
1971,39420000,351985746,333552548,1689,7.33,91,10,2365,23.55,10
1972,39440000,351985758,333552597,1643,6.35,35,86,2367,23.6,9
1973,39460000,351985755,333552647,1614,6.84,-17,-28,2368,23.54,13
1974,39480000,351985757,333552696,1665,7.66,-44,51,2369,23.55,12
1975,39500000,351985767,333552746,1622,6.25,11,47,2370,23.51,13
1976,39520000,351985778,333552796,1696,7.21,34,-66,2371,23.55,11
1977,39540000,351985778,333552847,1686,6.3,51,84,2373,23.51,9
1978,39560000,351985782,333552897,1651,6.65,88,28,2374,23.56,9
1979,39580000,351985777,333552948,1674,5.41,28,139,2375,23.59,14
1980,39600000,351985798,333552998,1673,6.95,-65,115,2376,23.56,12
1981,39620000,351985808,333553049,1640,7.49,121,18,2377,23.55,12
1982,39640000,351985800,333553100,1688,5.94,69,23,2379,23.54,14
1983,39660000,351985804,333553151,1643,6.98,50,-18,2380,23.56,14
1984,39680000,351985814,333553203,1678,6.54,80,-36,2381,23.52,11
1985,39700000,351985822,333553254,1616,4.72,-87,69,2382,23.53,13
1986,39720000,351985844,333553306,1659,6.45,-21,18,2383,23.61,9
1987,39740000,351985861,333553357,1673,7.6,-29,11,2385,23.51,11
1988,39760000,351985859,333553409,1625,5.46,71,22,2386,23.53,9
1989,39780000,351985861,333553461,1641,3.93,-68,64,2387,23.5,14
1990,39800000,351985852,333553513,1637,6.28,-18,76,2388,23.58,12
1991,39820000,351985858,333553565,1688,5.28,90,30,2389,23.53,10
1992,39840000,351985862,333553617,1631,8.28,39,21,2391,23.5,10
1993,39860000,351985893,333553669,1679,5.99,-21,35,2392,23.5,10
1994,39880000,351985897,333553721,1723,6.03,112,131,2393,23.57,11
1995,39900000,351985879,333553773,1677,5.3,-77,-70,2394,23.56,12
1996,39920000,351985876,333553825,1599,6.34,27,-25,2395,23.56,14
1997,39940000,351985881,333553878,1669,5.37,-12,54,2397,23.53,11
1998,39960000,351985871,333553930,1707,4.97,31,38,2398,23.56,9
1999,39980000,351985866,333553982,1655,5.97,-15,90,2399,23.57,10
2000,40000000,351985866,333554034,1711,5.08,-48,95,2400,23.55,14
2001,40020000,351985872,333554087,1693,7.6,13,127,2402,23.49,13
2002,40040000,351985874,333554139,1686,4.66,-77,-8,2403,23.48,9
2003,40060000,351985869,333554191,1659,5.95,32,60,2404,23.49,13
2004,40080000,351985880,333554243,1650,5.23,-18,19,2405,23.54,10
2005,40100000,351985878,333554296,1661,4.41,55,78,2406,23.49,9
2006,40120000,351985876,333554348,1675,8.0,-25,40,2408,23.5,12
2007,40140000,351985866,333554400,1694,3.56,-38,74,2409,23.53,13
2008,40160000,351985861,333554452,1691,7.76,24,-5,2410,23.5,13
2009,40180000,351985871,333554504,1663,4.38,73,39,2411,23.49,14
2010,40200000,351985858,333554556,1678,6.15,-121,5,2412,23.55,14
2011,40220000,351985861,333554607,1692,8.71,7,18,2414,23.54,13
2012,40240000,351985871,333554659,1612,3.54,37,8,2415,23.55,14
2013,40260000,351985871,333554711,1647,4.43,-83,-19,2416,23.55,9
2014,40280000,351985876,333554762,1647,7.59,-51,85,2417,23.56,10
2015,40300000,351985869,333554814,1672,6.25,38,45,2418,23.52,9
2016,40320000,351985885,333554865,1670,5.4,-48,84,2420,23.51,14
2017,40340000,351985899,333554916,1671,6.0,-37,-17,2421,23.47,11
2018,40360000,351985905,333554967,1647,4.91,102,-64,2422,23.51,10
2019,40380000,351985891,333555018,1710,6.19,-55,0,2423,23.5,14
2020,40400000,351985884,333555068,1695,7.8,-50,23,2424,23.55,13
2021,40420000,351985897,333555119,1619,5.59,-136,69,2426,23.54,14
2022,40440000,351985917,333555169,1686,6.21,-64,82,2427,23.56,10
2023,40460000,351985924,333555219,1641,7.46,-72,90,2428,23.55,9
2024,40480000,351985939,333555269,1755,8.38,102,106,2429,23.55,13
2025,40500000,351985937,333555319,1670,5.35,72,66,2430,23.53,14
2026,40520000,351985938,333555369,1673,6.4,-74,36,2432,23.52,11
2027,40540000,351985941,333555418,1693,5.38,116,-6,2433,23.5,12
2028,40560000,351985949,333555467,1683,5.28,46,64,2434,23.51,13
2029,40580000,351985937,333555516,1689,5.57,-10,6,2435,23.48,12
2030,40600000,351985950,333555565,1754,5.3,48,-8,2436,23.52,10
2031,40620000,351985966,333555613,1702,4.01,23,60,2438,23.5,10
2032,40640000,351985958,333555662,1727,3.7,-44,42,2439,23.45,9
2033,40660000,351985948,333555710,1740,5.18,-103,73,2440,23.43,12
2034,40680000,351985955,333555757,1657,6.2,-53,-3,2441,23.48,10
2035,40700000,351985952,333555805,1764,7.47,0,88,2442,23.49,14
2036,40720000,351985931,333555852,1725,5.42,-20,48,2444,23.49,12
2037,40740000,351985943,333555899,1737,5.85,-43,22,2445,23.54,12
2038,40760000,351985948,333555945,1665,6.82,58,-5,2446,23.48,13
2039,40780000,351985946,333555992,1733,6.91,-62,-21,2447,23.46,14
2040,40800000,351985971,333556038,1717,5.91,53,-35,2448,23.51,11
2041,40820000,351985975,333556083,1680,5.98,-27,99,2450,23.53,13
2042,40840000,351985971,333556129,1794,8.24,6,-38,2451,23.55,10
2043,40860000,351985976,333556174,1726,5.65,-65,62,2452,23.47,10
2044,40880000,351985968,333556219,1695,5.47,0,19,2453,23.49,12
2045,40900000,351985964,333556263,1713,4.13,-45,3,2454,23.48,11
2046,40920000,351985971,333556307,1742,6.55,-102,8,2456,23.54,12
2047,40940000,351985969,333556351,1752,5.73,0,26,2457,23.51,10
2048,40960000,351985968,333556394,1731,8.29,-2,75,2458,23.49,13
2049,40980000,351985988,333556437,1757,5.65,49,58,2459,23.51,10
2050,41000000,351986000,333556480,1768,7.0,17,31,2460,23.48,11
2051,41020000,351986011,333556522,1661,7.14,-59,-35,2462,23.48,13
2052,41040000,351986020,333556564,1691,7.98,-35,-56,2463,23.49,13
2053,41060000,351986028,333556605,1674,4.5,-146,122,2464,23.47,11
2054,41080000,351986046,333556646,1716,7.88,-65,-18,2465,23.48,13
2055,41100000,351986049,333556687,1771,6.06,77,-45,2466,23.5,14
2056,41120000,351986071,333556727,1740,5.92,90,86,2468,23.49,9
2057,41140000,351986065,333556767,1673,5.68,45,-42,2469,23.53,10
2058,41160000,351986066,333556807,1704,5.58,18,67,2470,23.51,14
2059,41180000,351986055,333556846,1758,5.64,35,76,2471,23.48,9
2060,41200000,351986055,333556884,1696,3.3,29,43,2472,23.42,9
2061,41220000,351986064,333556922,1715,6.64,-102,78,2474,23.44,9
2062,41240000,351986081,333556960,1731,6.12,-51,-37,2475,23.47,11
2063,41260000,351986078,333556997,1647,4.93,70,-28,2476,23.47,10
2064,41280000,351986082,333557034,1752,5.97,70,21,2477,23.44,13
2065,41300000,351986081,333557070,1735,8.74,14,31,2478,23.47,13
2066,41320000,351986077,333557106,1745,6.49,-17,27,2480,23.48,12
2067,41340000,351986069,333557142,1684,5.59,-22,54,2481,23.46,9
2068,41360000,351986073,333557177,1693,8.05,-31,-5,2482,23.47,13
2069,41380000,351986059,333557211,1701,5.11,-54,-73,2483,23.47,12
2070,41400000,351986063,333557245,1736,5.86,-113,51,2484,23.45,9
2071,41420000,351986067,333557278,1730,5.39,9,19,2486,23.45,14
2072,41440000,351986063,333557311,1733,5.76,-26,71,2487,23.47,10
2073,41460000,351986057,333557344,1800,6.9,-12,133,2488,23.48,12
2074,41480000,351986046,333557376,1781,6.72,101,35,2489,23.44,12
2075,41500000,351986068,333557407,1701,5.18,35,59,2490,23.41,10
2076,41520000,351986058,333557438,1705,5.89,-41,-12,2492,23.44,10
2077,41540000,351986077,333557469,1800,6.14,34,75,2493,23.48,13
2078,41560000,351986086,333557499,1720,5.56,-88,47,2494,23.42,14
2079,41580000,351986086,333557528,1789,6.0,62,43,2495,23.49,14
2080,41600000,351986078,333557557,1798,5.2,15,76,2496,23.45,13
2081,41620000,351986091,333557585,1713,5.18,-11,-24,2498,23.47,12
2082,41640000,351986112,333557613,1725,6.09,34,58,2499,23.44,12
2083,41660000,351986106,333557640,1740,4.83,86,53,2500,23.48,11
2084,41680000,351986106,333557667,1703,6.53,-27,109,2501,23.46,10
2085,41700000,351986120,333557693,1699,5.81,-58,-57,2502,23.47,12
2086,41720000,351986127,333557718,1723,4.96,125,26,2504,23.4,10
2087,41740000,351986150,333557743,1774,5.32,1,138,2505,23.48,9
2088,41760000,351986148,333557768,1723,5.48,88,11,2506,23.41,14
2089,41780000,351986157,333557792,1733,5.85,-39,9,2507,23.45,12
2090,41800000,351986148,333557815,1724,6.17,22,118,2508,23.47,14
2091,41820000,351986172,333557838,1689,5.79,-37,154,2510,23.45,10
2092,41840000,351986168,333557860,1804,5.02,37,36,2511,23.47,12
2093,41860000,351986149,333557881,1651,7.71,-16,-3,2512,23.46,12
2094,41880000,351986151,333557902,1720,7.09,-39,1,2513,23.46,14
2095,41900000,351986153,333557923,1769,6.17,92,11,2514,23.43,10
2096,41920000,351986176,333557943,1692,7.15,20,-10,2516,23.48,11
2097,41940000,351986176,333557962,1773,6.42,-120,-8,2517,23.48,11
2098,41960000,351986179,333557980,1799,5.74,-13,39,2518,23.43,9
2099,41980000,351986188,333557998,1716,6.14,-54,32,2519,23.42,14
2100,42000000,351986207,333558016,1759,9.15,-72,54,2520,23.45,11
2101,42020000,351986210,333558033,1707,7.19,-34,32,2522,23.43,11
2102,42040000,351986224,333558049,1773,7.25,-28,-28,2523,23.45,11
2103,42060000,351986232,333558064,1757,5.58,2,67,2524,23.47,13
2104,42080000,351986233,333558079,1763,6.74,-46,43,2525,23.46,9
2105,42100000,351986237,333558094,1810,8.67,-110,2,2526,23.49,9
2106,42120000,351986240,333558108,1775,6.53,-31,17,2528,23.46,9
2107,42140000,351986234,333558121,1811,7.29,52,46,2529,23.41,13
2108,42160000,351986250,333558133,1783,7.5,-80,34,2530,23.42,9
2109,42180000,351986239,333558145,1710,6.79,36,24,2531,23.46,9
2110,42200000,351986254,333558157,1770,7.87,27,68,2532,23.49,11
2111,42220000,351986267,333558167,1780,6.3,-26,83,2534,23.43,12
2112,42240000,351986270,333558177,1703,6.61,18,15,2535,23.41,13
2113,42260000,351986265,333558187,1815,5.3,-44,29,2536,23.48,14
2114,42280000,351986267,333558195,1765,9.11,-23,-23,2537,23.43,9
2115,42300000,351986275,333558204,1778,6.39,-60,22,2538,23.46,10
2116,42320000,351986285,333558211,1728,6.16,27,54,2540,23.47,10
2117,42340000,351986292,333558218,1768,7.65,81,73,2541,23.41,10
2118,42360000,351986305,333558224,1778,5.47,-40,39,2542,23.42,12
2119,42380000,351986303,333558230,1754,6.03,71,26,2543,23.42,14
2120,42400000,351986308,333558235,1771,5.12,-126,-4,2544,23.45,11
2121,42420000,351986296,333558239,1684,6.06,-52,41,2546,23.45,11
2122,42440000,351986307,333558243,1824,5.58,-60,-22,2547,23.42,10
2123,42460000,351986312,333558246,1725,6.67,102,37,2548,23.44,12
2124,42480000,351986311,333558249,1684,5.89,-35,31,2549,23.38,10
2125,42500000,351986326,333558251,1733,5.34,46,-13,2550,23.44,13
2126,42520000,351986336,333558252,1739,5.69,-122,47,2552,23.44,12
2127,42540000,351986311,333558253,1795,5.9,6,20,2553,23.43,13
2128,42560000,351986315,333558253,1738,5.44,33,60,2554,23.38,9
2129,42580000,351986304,333558252,1786,7.12,-2,7,2555,23.42,14
2130,42600000,351986318,333558251,1737,6.81,-162,54,2556,23.39,12
2131,42620000,351986346,333558249,1865,6.2,10,107,2558,23.46,14
2132,42640000,351986344,333558246,1799,4.65,48,39,2559,23.41,14
2133,42660000,351986348,333558243,1857,6.63,78,69,2560,23.41,9
2134,42680000,351986349,333558239,1739,4.55,23,0,2561,23.42,11
2135,42700000,351986356,333558235,1807,6.25,-100,13,2562,23.43,9
2136,42720000,351986366,333558230,1743,6.09,-12,-61,2564,23.42,10
2137,42740000,351986382,333558224,1805,5.35,54,23,2565,23.43,13
2138,42760000,351986375,333558218,1810,5.07,-48,-24,2566,23.39,10
2139,42780000,351986394,333558211,1720,5.23,33,36,2567,23.45,10
2140,42800000,351986388,333558203,1739,8.42,-28,-70,2568,23.4,11
2141,42820000,351986395,333558195,1738,5.72,5,-11,2570,23.44,13
2142,42840000,351986409,333558186,1726,5.79,45,34,2571,23.42,14
2143,42860000,351986420,333558177,1757,7.14,-42,49,2572,23.44,9
2144,42880000,351986414,333558167,1749,6.52,171,-50,2573,23.41,13
2145,42900000,351986410,333558156,1730,7.26,9,10,2574,23.37,11
2146,42920000,351986409,333558145,1793,4.61,20,156,2576,23.38,9
2147,42940000,351986412,333558133,1812,4.77,-44,69,2577,23.4,11
2148,42960000,351986427,333558121,1738,9.89,3,38,2578,23.45,10
2149,42980000,351986417,333558108,1769,5.98,-16,-104,2579,23.4,11
2150,43000000,351986425,333558094,1793,5.7,-87,-14,2580,23.41,9
2151,43020000,351986434,333558080,1784,6.22,-91,56,2582,23.44,12
2152,43040000,351986443,333558065,1766,7.18,17,42,2583,23.39,10
2153,43060000,351986451,333558049,1827,4.65,-5,53,2584,23.41,9
2154,43080000,351986470,333558033,1830,6.36,-157,77,2585,23.41,11
2155,43100000,351986478,333558017,1824,6.0,-128,35,2586,23.39,11
2156,43120000,351986490,333557999,1789,6.81,-18,72,2588,23.41,11
2157,43140000,351986499,333557982,1878,6.23,-4,-57,2589,23.43,14
2158,43160000,351986520,333557963,1869,5.42,36,153,2590,23.43,13
2159,43180000,351986505,333557944,1784,5.03,-74,16,2591,23.39,9
2160,43200000,351986521,333557925,1796,3.21,35,0,2592,23.48,9
2161,43220000,351986521,333557905,1849,7.16,-18,104,2594,23.41,13
2162,43240000,351986522,333557884,1770,4.33,-30,60,2595,23.39,11
2163,43260000,351986516,333557863,1819,5.57,-8,78,2596,23.38,12
2164,43280000,351986500,333557841,1806,7.95,59,0,2597,23.37,13
2165,43300000,351986500,333557819,1777,5.55,33,44,2598,23.42,10
2166,43320000,351986496,333557796,1796,6.74,53,65,2600,23.31,12
2167,43340000,351986504,333557772,1743,5.79,-41,-25,2601,23.39,13
2168,43360000,351986493,333557748,1785,6.84,-17,19,2602,23.35,14
2169,43380000,351986511,333557724,1728,6.07,-69,18,2603,23.39,11
2170,43400000,351986517,333557699,1900,5.44,-33,16,2604,23.39,9
2171,43420000,351986518,333557673,1870,7.59,-23,-3,2606,23.35,11
2172,43440000,351986514,333557647,1860,5.72,-27,-31,2607,23.36,12
2173,43460000,351986509,333557620,1823,4.48,42,51,2608,23.42,10
2174,43480000,351986501,333557593,1852,5.65,25,42,2609,23.37,14
2175,43500000,351986499,333557565,1864,6.65,45,87,2610,23.39,14
2176,43520000,351986503,333557537,1854,4.75,7,27,2612,23.38,9
2177,43540000,351986504,333557509,1851,6.94,64,-2,2613,23.41,14
2178,43560000,351986493,333557479,1779,6.92,6,-40,2614,23.42,14
2179,43580000,351986494,333557450,1833,8.48,57,34,2615,23.41,12
2180,43600000,351986488,333557420,1796,5.29,30,15,2616,23.4,12
2181,43620000,351986493,333557389,1771,6.79,44,129,2618,23.4,11
2182,43640000,351986515,333557358,1773,4.1,-4,142,2619,23.35,12
2183,43660000,351986525,333557326,1837,5.55,-74,107,2620,23.42,11
2184,43680000,351986525,333557294,1862,6.15,-86,-13,2621,23.36,9
2185,43700000,351986512,333557262,1766,6.5,117,-37,2622,23.35,12
2186,43720000,351986501,333557229,1892,5.97,23,19,2624,23.37,14
2187,43740000,351986488,333557195,1882,5.93,26,-13,2625,23.35,12
2188,43760000,351986499,333557161,1808,5.32,-10,100,2626,23.39,12
2189,43780000,351986494,333557127,1806,5.52,-27,36,2627,23.39,13
2190,43800000,351986498,333557092,1822,6.38,172,10,2628,23.41,14
2191,43820000,351986495,333557057,1865,6.68,-67,29,2630,23.37,9
2192,43840000,351986500,333557021,1812,6.77,-3,91,2631,23.35,13
2193,43860000,351986517,333556985,1783,7.18,-3,-15,2632,23.36,14
2194,43880000,351986513,333556949,1842,7.4,-67,54,2633,23.34,13
2195,43900000,351986513,333556912,1747,3.95,-76,-34,2634,23.35,9
2196,43920000,351986509,333556875,1836,5.43,-42,20,2636,23.42,10
2197,43940000,351986521,333556837,1877,5.84,-20,-1,2637,23.35,14
2198,43960000,351986514,333556799,1844,5.29,-29,45,2638,23.35,9
2199,43980000,351986506,333556761,1864,7.24,48,38,2639,23.38,10
2200,44000000,351986495,333556722,1853,6.89,-70,89,2640,23.37,13
2201,44020000,351986484,333556683,1863,5.91,24,64,2642,23.39,11
2202,44040000,351986492,333556644,1841,6.17,88,0,2643,23.34,14
2203,44060000,351986521,333556604,1803,7.49,53,-34,2644,23.33,14
2204,44080000,351986515,333556564,1828,5.63,-68,-9,2645,23.4,9
2205,44100000,351986528,333556523,1835,5.67,-177,9,2646,23.34,11
2206,44120000,351986534,333556482,1889,7.07,50,19,2648,23.36,11
2207,44140000,351986526,333556441,1904,6.57,29,-6,2649,23.37,9
2208,44160000,351986526,333556399,1857,7.66,-35,83,2650,23.31,11
2209,44180000,351986527,333556358,1811,6.46,76,76,2651,23.35,13
2210,44200000,351986524,333556315,1813,6.89,-24,17,2652,23.34,9
2211,44220000,351986547,333556273,1835,5.4,6,6,2654,23.37,13
2212,44240000,351986531,333556230,1899,4.95,-62,18,2655,23.35,13
2213,44260000,351986538,333556187,1858,6.02,19,28,2656,23.29,11
2214,44280000,351986545,333556144,1843,2.98,-25,29,2657,23.38,14
2215,44300000,351986542,333556100,1815,6.5,-30,-48,2658,23.28,12
2216,44320000,351986547,333556057,1882,7.15,64,9,2660,23.34,11
2217,44340000,351986559,333556013,1859,6.12,12,-61,2661,23.33,14
2218,44360000,351986564,333555968,1846,5.78,-89,32,2662,23.33,14
2219,44380000,351986571,333555924,1853,7.28,41,63,2663,23.35,9
2220,44400000,351986582,333555879,1918,5.98,50,-21,2664,23.38,11
2221,44420000,351986565,333555834,1845,7.16,-49,38,2666,23.32,12
2222,44440000,351986583,333555789,1919,8.55,-23,0,2667,23.33,13
2223,44460000,351986609,333555743,1902,6.86,3,-3,2668,23.37,12
2224,44480000,351986622,333555697,1856,7.11,-14,126,2669,23.36,14
2225,44500000,351986636,333555652,1890,6.6,7,73,2670,23.36,11
2226,44520000,351986625,333555605,1850,6.32,38,53,2672,23.35,10
2227,44540000,351986627,333555559,1823,6.35,-29,9,2673,23.34,10
2228,44560000,351986622,333555513,1846,6.11,124,50,2674,23.33,14
2229,44580000,351986620,333555466,1821,7.28,-42,20,2675,23.33,11
2230,44600000,351986633,333555420,1879,4.18,-32,52,2676,23.37,14
2231,44620000,351986628,333555373,1860,5.72,118,-13,2678,23.38,11
2232,44640000,351986630,333555326,1883,6.79,143,26,2679,23.39,11
2233,44660000,351986614,333555278,1894,5.06,2,10,2680,23.31,13
2234,44680000,351986616,333555231,1737,5.91,-11,-38,2681,23.33,12
2235,44700000,351986620,333555184,1875,5.23,-64,113,2682,23.34,13
2236,44720000,351986616,333555136,1791,6.54,68,70,2684,23.33,13
2237,44740000,351986613,333555089,1871,7.02,10,-8,2685,23.3,12
2238,44760000,351986635,333555041,1830,7.7,-50,-41,2686,23.39,14
2239,44780000,351986626,333554993,1870,6.61,24,-5,2687,23.38,10
2240,44800000,351986619,333554945,1921,5.21,82,-10,2688,23.33,13
2241,44820000,351986614,333554897,1799,6.32,41,0,2690,23.32,14
2242,44840000,351986629,333554849,1876,6.69,132,-43,2691,23.33,11
2243,44860000,351986654,333554801,1866,7.65,69,-10,2692,23.29,9
2244,44880000,351986660,333554753,1794,3.57,26,33,2693,23.32,10
2245,44900000,351986657,333554705,1897,6.46,-1,50,2694,23.35,11
2246,44920000,351986656,333554656,1873,3.94,33,-66,2696,23.37,10
2247,44940000,351986670,333554608,1852,6.85,73,30,2697,23.35,11
2248,44960000,351986664,333554560,1845,6.54,51,-18,2698,23.36,13
2249,44980000,351986682,333554512,2003,6.6,63,-20,2699,23.29,11
2250,45000000,351986699,333554463,1859,7.05,13,14,2700,23.23,9
2251,45020000,351986703,333554415,1804,6.47,45,-3,2702,23.36,9
2252,45040000,351986713,333554367,1840,5.29,72,64,2703,23.33,12
2253,45060000,351986724,333554319,1863,6.43,-9,64,2704,23.32,11
2254,45080000,351986743,333554270,1863,7.41,-77,15,2705,23.37,12
2255,45100000,351986736,333554222,1876,5.9,103,-1,2706,23.29,9
2256,45120000,351986751,333554174,1838,6.06,34,117,2708,23.29,14
2257,45140000,351986750,333554126,1903,4.64,-26,121,2709,23.3,9
2258,45160000,351986746,333554078,1862,7.36,14,49,2710,23.36,10
2259,45180000,351986750,333554030,1828,5.45,-14,22,2711,23.34,14
2260,45200000,351986752,333553982,1851,5.18,-102,79,2712,23.26,12
2261,45220000,351986745,333553934,1869,5.52,-11,101,2714,23.36,14
2262,45240000,351986732,333553887,1919,5.04,-85,4,2715,23.31,9
2263,45260000,351986726,333553839,1905,5.74,12,118,2716,23.32,11
2264,45280000,351986744,333553792,1873,7.49,-6,22,2717,23.29,11
2265,45300000,351986767,333553744,1888,6.94,68,83,2718,23.36,12
2266,45320000,351986777,333553697,1897,7.66,-7,4,2720,23.32,12
2267,45340000,351986792,333553650,1971,7.74,22,33,2721,23.35,10
2268,45360000,351986790,333553603,1865,5.01,-17,7,2722,23.28,9
2269,45380000,351986793,333553556,1910,6.58,-22,31,2723,23.33,14
2270,45400000,351986799,333553509,1921,7.75,-83,80,2724,23.31,13
2271,45420000,351986792,333553463,1855,8.66,59,-14,2726,23.3,12
2272,45440000,351986785,333553417,1901,4.41,10,15,2727,23.28,14
2273,45460000,351986789,333553370,1901,4.4,-34,56,2728,23.28,11
2274,45480000,351986789,333553325,1876,6.57,12,7,2729,23.27,10
2275,45500000,351986782,333553279,1919,5.65,-24,130,2730,23.28,10
2276,45520000,351986789,333553233,1938,4.89,-43,-41,2732,23.3,9
2277,45540000,351986790,333553188,1943,6.47,14,155,2733,23.32,11
2278,45560000,351986804,333553143,1891,5.13,72,-2,2734,23.26,9
2279,45580000,351986807,333553098,1907,3.43,-16,78,2735,23.27,13
2280,45600000,351986807,333553053,1994,6.0,-85,109,2736,23.28,11
2281,45620000,351986812,333553009,1857,6.17,-36,56,2738,23.25,13
2282,45640000,351986813,333552964,1911,6.76,107,-39,2739,23.29,11
2283,45660000,351986810,333552920,1938,7.11,-48,13,2740,23.29,9
2284,45680000,351986809,333552877,1909,6.24,71,33,2741,23.29,9
2285,45700000,351986820,333552833,1931,5.76,-14,58,2742,23.31,14
2286,45720000,351986830,333552790,1912,5.27,44,78,2744,23.32,11
2287,45740000,351986846,333552747,1936,4.14,-6,85,2745,23.32,12
2288,45760000,351986833,333552705,1958,5.53,-94,102,2746,23.3,12
2289,45780000,351986832,333552662,1899,7.17,-24,-16,2747,23.31,14
2290,45800000,351986831,333552620,1916,6.77,126,79,2748,23.27,13
2291,45820000,351986836,333552579,1907,8.38,-7,-56,2750,23.26,9
2292,45840000,351986835,333552537,1894,5.85,33,37,2751,23.31,12
2293,45860000,351986833,333552496,1910,3.98,-20,-22,2752,23.3,14
2294,45880000,351986844,333552456,1867,6.97,-7,-57,2753,23.35,12
2295,45900000,351986850,333552415,1942,7.22,19,75,2754,23.28,12
2296,45920000,351986841,333552375,1982,4.69,28,28,2756,23.26,13
2297,45940000,351986858,333552336,1982,4.18,133,79,2757,23.29,9
2298,45960000,351986871,333552296,1966,6.2,0,-48,2758,23.27,11
2299,45980000,351986869,333552257,1877,6.84,-10,-30,2759,23.26,9
2300,46000000,351986880,333552219,1978,4.74,-39,25,2760,23.32,12
2301,46020000,351986876,333552181,1889,5.64,-78,-2,2762,23.34,10
2302,46040000,351986891,333552143,1916,5.14,-96,33,2763,23.29,12
2303,46060000,351986892,333552105,1993,4.67,39,0,2764,23.26,14
2304,46080000,351986887,333552068,1877,4.52,-111,13,2765,23.29,12
2305,46100000,351986887,333552032,1955,6.18,84,-26,2766,23.28,12
2306,46120000,351986883,333551995,1933,5.6,51,93,2768,23.24,9
2307,46140000,351986888,333551960,1917,5.25,-17,14,2769,23.3,10
2308,46160000,351986893,333551924,1888,3.03,-69,-28,2770,23.28,12
2309,46180000,351986897,333551889,1941,8.02,1,63,2771,23.31,10
2310,46200000,351986895,333551855,1907,4.94,1,54,2772,23.26,9
2311,46220000,351986861,333551821,1968,5.87,67,40,2774,23.27,13
2312,46240000,351986866,333551787,1976,4.72,-44,41,2775,23.27,11
2313,46260000,351986850,333551754,1872,6.46,-22,10,2776,23.22,11
2314,46280000,351986856,333551721,1908,4.29,-3,23,2777,23.34,14
2315,46300000,351986870,333551689,1917,6.13,-16,-79,2778,23.21,9
2316,46320000,351986876,333551657,1883,5.8,-37,-47,2780,23.24,10
2317,46340000,351986876,333551626,1886,7.07,-102,-30,2781,23.26,12
2318,46360000,351986877,333551595,1935,4.76,-98,44,2782,23.22,14
2319,46380000,351986879,333551564,1924,5.28,-40,90,2783,23.28,12
2320,46400000,351986877,333551534,1867,5.75,-13,21,2784,23.25,13
2321,46420000,351986875,333551505,1913,8.42,60,16,2786,23.27,14
2322,46440000,351986869,333551476,1956,4.33,138,86,2787,23.27,9
2323,46460000,351986884,333551448,1888,6.35,103,12,2788,23.26,9
2324,46480000,351986887,333551420,1900,5.27,23,62,2789,23.26,12
2325,46500000,351986900,333551392,2001,6.37,112,51,2790,23.26,12
2326,46520000,351986901,333551365,1991,6.76,-6,-35,2792,23.27,13
2327,46540000,351986905,333551339,1874,6.18,-31,45,2793,23.28,13
2328,46560000,351986907,333551313,1886,6.32,138,40,2794,23.25,9
2329,46580000,351986915,333551288,1956,6.33,-63,-26,2795,23.24,12
2330,46600000,351986926,333551263,1894,5.34,-24,-21,2796,23.25,9
2331,46620000,351986932,333551239,1933,5.77,-15,-33,2798,23.26,13
2332,46640000,351986929,333551215,1925,4.12,87,98,2799,23.24,14
2333,46660000,351986924,333551192,1967,5.61,-35,134,2800,23.24,14
2334,46680000,351986944,333551169,1844,5.13,47,65,2801,23.21,14
2335,46700000,351986945,333551147,1858,5.72,-24,108,2802,23.31,13
2336,46720000,351986945,333551126,1898,6.86,-73,-36,2804,23.22,9
2337,46740000,351986963,333551105,1988,6.45,14,100,2805,23.3,10
2338,46760000,351986977,333551084,1942,6.55,10,128,2806,23.27,10
2339,46780000,351986986,333551064,1881,7.28,-69,110,2807,23.28,9
2340,46800000,351986985,333551045,1970,3.28,-51,-16,2808,23.26,9
2341,46820000,351987012,333551027,1979,6.5,-47,84,2810,23.26,12
2342,46840000,351987019,333551008,1942,5.98,58,24,2811,23.26,12
2343,46860000,351987028,333550991,1939,5.9,27,83,2812,23.26,14
2344,46880000,351987030,333550974,1971,4.51,14,-1,2813,23.27,12
2345,46900000,351987019,333550958,2003,6.64,29,30,2814,23.29,14
2346,46920000,351987009,333550942,1961,7.32,-28,1,2816,23.22,13
2347,46940000,351987016,333550927,1977,7.19,28,53,2817,23.26,11
2348,46960000,351987024,333550912,1955,5.91,-35,25,2818,23.29,12
2349,46980000,351987024,333550898,1942,6.74,-79,85,2819,23.28,12
2350,47000000,351987016,333550885,1922,7.06,-41,71,2820,23.21,12
2351,47020000,351987005,333550872,1970,8.1,12,50,2822,23.25,10
2352,47040000,351987005,333550860,1948,7.41,5,28,2823,23.25,12
2353,47060000,351986994,333550848,1951,6.17,63,15,2824,23.25,12
2354,47080000,351987006,333550837,1999,6.12,-100,30,2825,23.17,12
2355,47100000,351987021,333550827,1982,6.2,-12,67,2826,23.26,9
2356,47120000,351987053,333550817,1998,6.27,24,36,2828,23.19,12
2357,47140000,351987065,333550808,1901,5.44,-57,44,2829,23.3,14
2358,47160000,351987062,333550800,1987,6.89,15,28,2830,23.25,11
2359,47180000,351987057,333550792,1942,5.21,-24,26,2831,23.23,14
2360,47200000,351987026,333550785,1934,5.09,-67,-2,2832,23.25,12
2361,47220000,351987023,333550778,1934,6.41,67,-63,2834,23.24,13
2362,47240000,351987025,333550772,2017,5.35,-82,58,2835,23.22,14
2363,47260000,351987038,333550767,2002,5.73,60,58,2836,23.23,9
2364,47280000,351987047,333550762,1941,3.63,-24,-18,2837,23.24,10
2365,47300000,351987056,333550758,1925,6.92,-55,125,2838,23.21,10
2366,47320000,351987062,333550754,1972,6.0,-52,-27,2840,23.25,13
2367,47340000,351987072,333550751,1954,5.86,-43,79,2841,23.26,14
2368,47360000,351987089,333550749,2040,6.53,-50,42,2842,23.26,9
2369,47380000,351987082,333550748,1916,6.25,16,45,2843,23.26,10
2370,47400000,351987081,333550747,1902,5.2,-111,86,2844,23.26,10
2371,47420000,351987070,333550746,1966,8.3,74,76,2846,23.24,13
2372,47440000,351987090,333550747,1977,5.49,50,31,2847,23.26,10
2373,47460000,351987106,333550748,1983,7.12,83,-22,2848,23.22,14
2374,47480000,351987117,333550749,2009,8.1,-58,-30,2849,23.23,12
2375,47500000,351987108,333550751,2062,5.29,-138,39,2850,23.26,13
2376,47520000,351987113,333550754,1966,6.11,-36,108,2852,23.28,10
2377,47540000,351987114,333550758,1959,5.07,-9,73,2853,23.21,10
2378,47560000,351987119,333550762,1911,7.21,18,28,2854,23.18,11
2379,47580000,351987120,333550766,1992,5.62,-30,46,2855,23.28,12
2380,47600000,351987129,333550772,2018,4.74,-4,64,2856,23.25,14
2381,47620000,351987128,333550778,1974,7.51,9,115,2858,23.27,14
2382,47640000,351987140,333550784,2032,7.05,-92,-7,2859,23.24,14
2383,47660000,351987146,333550791,1987,4.99,108,66,2860,23.22,13
2384,47680000,351987146,333550799,2047,7.36,-66,44,2861,23.19,10
2385,47700000,351987148,333550808,2001,6.23,16,-7,2862,23.18,13
2386,47720000,351987147,333550817,1946,9.11,65,-20,2864,23.25,13
2387,47740000,351987159,333550827,1964,7.97,-46,93,2865,23.24,14
2388,47760000,351987159,333550837,1929,5.37,0,46,2866,23.22,12
2389,47780000,351987166,333550848,1922,5.69,98,19,2867,23.18,12
2390,47800000,351987165,333550860,2003,5.0,-16,35,2868,23.19,11
2391,47820000,351987153,333550872,2027,6.16,63,79,2870,23.19,13
2392,47840000,351987166,333550885,2072,6.06,18,34,2871,23.2,12
2393,47860000,351987159,333550898,1992,6.85,14,110,2872,23.12,12
2394,47880000,351987169,333550912,1986,6.1,43,17,2873,23.21,13
2395,47900000,351987176,333550927,1952,4.32,-13,-8,2874,23.25,14
2396,47920000,351987163,333550942,2036,5.07,-11,24,2876,23.19,12
2397,47940000,351987157,333550958,2013,7.62,58,-16,2877,23.2,9
2398,47960000,351987155,333550975,1975,7.32,16,12,2878,23.21,14
2399,47980000,351987150,333550992,2027,5.82,30,91,2879,23.17,9
2400,48000000,351987142,333551009,2023,5.85,-70,115,2880,23.21,12
2401,48020000,351987152,333551028,1926,5.81,1,61,2882,23.18,13
2402,48040000,351987153,333551047,2032,6.03,73,40,2883,23.19,11
2403,48060000,351987161,333551066,2008,4.08,54,-15,2884,23.2,13
2404,48080000,351987160,333551086,1988,7.03,21,-19,2885,23.19,14
2405,48100000,351987166,333551107,1988,5.25,-30,48,2886,23.2,12
2406,48120000,351987162,333551128,2075,6.17,-35,38,2888,23.17,14
2407,48140000,351987165,333551150,2067,3.11,27,1,2889,23.22,9
2408,48160000,351987174,333551173,2080,6.27,85,7,2890,23.16,12
2409,48180000,351987178,333551196,1962,7.53,3,108,2891,23.22,10
2410,48200000,351987177,333551219,1982,3.44,79,79,2892,23.18,10
2411,48220000,351987169,333551243,2046,7.74,-17,32,2894,23.16,14
2412,48240000,351987174,333551268,1962,6.54,72,41,2895,23.19,14
2413,48260000,351987181,333551293,1982,5.16,-59,93,2896,23.16,9
2414,48280000,351987182,333551319,1940,4.18,12,48,2897,23.17,11
2415,48300000,351987177,333551346,2087,7.33,-63,42,2898,23.18,9
2416,48320000,351987186,333551373,2056,6.3,40,-48,2900,23.21,11
2417,48340000,351987214,333551400,2033,6.68,35,-53,2901,23.21,14
2418,48360000,351987214,333551428,2024,5.69,-56,-65,2902,23.2,10
2419,48380000,351987221,333551457,1999,5.09,-43,-82,2903,23.18,12
2420,48400000,351987228,333551486,2001,7.0,-25,29,2904,23.14,10
2421,48420000,351987206,333551515,2042,4.91,-88,46,2906,23.18,9
2422,48440000,351987211,333551546,1990,7.03,-54,-13,2907,23.17,12
2423,48460000,351987207,333551576,2068,4.09,-50,52,2908,23.18,11
2424,48480000,351987224,333551607,2000,4.94,47,52,2909,23.16,10
2425,48500000,351987225,333551639,1986,4.34,83,26,2910,23.16,14
2426,48520000,351987220,333551671,2074,7.5,-25,-43,2912,23.2,13
2427,48540000,351987221,333551704,2017,3.99,-16,102,2913,23.14,14
2428,48560000,351987226,333551737,2046,4.69,13,98,2914,23.18,12
2429,48580000,351987224,333551771,2008,6.76,-30,1,2915,23.21,10
2430,48600000,351987227,333551805,1935,6.26,-15,127,2916,23.15,14
2431,48620000,351987217,333551840,2048,8.51,51,32,2918,23.15,13
2432,48640000,351987218,333551875,1973,8.11,14,-8,2919,23.17,9
2433,48660000,351987229,333551911,2071,6.71,-4,9,2920,23.16,11
2434,48680000,351987252,333551947,1966,6.79,-33,-62,2921,23.18,10
2435,48700000,351987262,333551983,1955,3.91,89,12,2922,23.21,10
2436,48720000,351987268,333552020,2042,4.99,-35,-49,2924,23.17,9
2437,48740000,351987284,333552058,2048,5.62,8,86,2925,23.19,12
2438,48760000,351987297,333552096,2036,5.8,-60,46,2926,23.15,13
2439,48780000,351987317,333552134,1984,4.42,-34,-39,2927,23.15,11
2440,48800000,351987331,333552173,2069,4.93,6,58,2928,23.18,11
2441,48820000,351987333,333552212,1976,5.03,-22,-55,2930,23.15,13
2442,48840000,351987339,333552252,2017,7.22,32,38,2931,23.2,12
2443,48860000,351987345,333552292,2004,6.49,4,54,2932,23.15,14
2444,48880000,351987351,333552332,2022,5.62,-81,33,2933,23.16,10
2445,48900000,351987356,333552373,2072,5.68,-137,-25,2934,23.13,14
2446,48920000,351987352,333552414,2013,6.33,60,24,2936,23.15,12
2447,48940000,351987334,333552456,2062,5.2,-34,21,2937,23.13,13
2448,48960000,351987331,333552498,2068,5.7,89,33,2938,23.15,10
2449,48980000,351987314,333552541,1973,4.02,1,104,2939,23.11,11
2450,49000000,351987318,333552583,1995,6.77,-44,114,2940,23.16,12
2451,49020000,351987321,333552627,2027,7.1,34,109,2942,23.21,11
2452,49040000,351987308,333552670,2020,6.42,-15,-1,2943,23.1,9
2453,49060000,351987318,333552714,2057,6.55,1,-7,2944,23.21,10
2454,49080000,351987330,333552758,1968,6.42,-54,31,2945,23.15,10
2455,49100000,351987334,333552803,2075,8.34,39,51,2946,23.18,11
2456,49120000,351987354,333552848,2077,6.23,66,-72,2948,23.12,11
2457,49140000,351987376,333552893,2041,4.48,-30,0,2949,23.21,13
2458,49160000,351987368,333552938,1993,4.8,107,119,2950,23.12,12
2459,49180000,351987381,333552984,2050,6.82,-33,-31,2951,23.15,9
2460,49200000,351987389,333553030,2029,7.22,15,-6,2952,23.2,11
2461,49220000,351987396,333553077,2074,6.88,-97,-5,2954,23.11,9
2462,49240000,351987409,333553124,2048,6.96,-114,54,2955,23.08,11
2463,49260000,351987405,333553171,2082,6.21,126,26,2956,23.15,13
2464,49280000,351987403,333553218,2036,4.29,86,13,2957,23.12,13
2465,49300000,351987398,333553266,2112,5.18,69,-45,2958,23.12,10
2466,49320000,351987394,333553313,1963,3.92,-100,60,2960,23.12,11
2467,49340000,351987396,333553361,2015,5.55,14,30,2961,23.1,12
2468,49360000,351987385,333553410,2076,4.43,25,-3,2962,23.18,13
2469,49380000,351987378,333553458,1997,6.11,5,31,2963,23.18,12
2470,49400000,351987387,333553507,2088,5.8,18,69,2964,23.1,14
2471,49420000,351987389,333553556,2011,3.76,-54,-43,2966,23.14,10
2472,49440000,351987397,333553606,2064,6.84,-8,-47,2967,23.13,9
2473,49460000,351987381,333553655,2024,6.87,-67,-21,2968,23.17,14
2474,49480000,351987376,333553705,2044,4.4,-20,-13,2969,23.11,11
2475,49500000,351987374,333553755,2070,6.16,23,-122,2970,23.19,11
2476,49520000,351987378,333553805,2059,6.82,-46,0,2972,23.14,13
2477,49540000,351987375,333553855,2049,5.66,-15,85,2973,23.11,9
2478,49560000,351987388,333553905,2151,6.98,-25,13,2974,23.13,11
2479,49580000,351987391,333553956,2066,6.21,1,80,2975,23.12,14
2480,49600000,351987394,333554007,2028,7.23,55,-113,2976,23.2,12
2481,49620000,351987398,333554058,2105,6.21,14,24,2978,23.14,13
2482,49640000,351987408,333554109,2101,5.8,24,99,2979,23.12,9
2483,49660000,351987407,333554160,2118,6.58,-85,108,2980,23.13,9
2484,49680000,351987421,333554211,2142,6.89,-21,5,2981,23.17,12
2485,49700000,351987429,333554263,2033,6.28,49,-11,2982,23.1,13
2486,49720000,351987434,333554314,2114,5.47,-50,49,2984,23.08,13
2487,49740000,351987438,333554366,2118,5.08,-25,-30,2985,23.17,9
2488,49760000,351987446,333554418,2074,5.56,-57,11,2986,23.14,10
2489,49780000,351987460,333554469,2084,5.33,80,-53,2987,23.11,11
2490,49800000,351987473,333554521,1955,6.22,-26,34,2988,23.12,11
2491,49820000,351987480,333554573,2053,6.18,-43,30,2990,23.16,13
2492,49840000,351987492,333554625,2148,5.89,37,111,2991,23.04,14
2493,49860000,351987496,333554677,2006,5.98,66,47,2992,23.16,14
2494,49880000,351987512,333554730,2057,6.18,30,-3,2993,23.12,11
2495,49900000,351987515,333554782,2091,7.79,59,25,2994,23.14,14
2496,49920000,351987498,333554834,2103,7.38,13,-34,2996,23.12,12
2497,49940000,351987515,333554886,2146,5.32,-7,31,2997,23.21,14
2498,49960000,351987519,333554939,2011,6.47,-25,19,2998,23.1,12
2499,49980000,351987511,333554991,2084,5.6,-29,51,2999,23.15,14
2500,50000000,351987512,333555043,2118,5.87,-35,76,3001,23.04,12
2501,50020000,351987507,333555095,2032,5.7,22,-70,3002,23.12,9
2502,50040000,351987531,333555148,2084,5.26,-6,46,3003,23.14,14
2503,50060000,351987539,333555200,2161,4.41,5,66,3004,23.07,9
2504,50080000,351987527,333555252,2140,3.14,36,-30,3005,23.05,9
2505,50100000,351987536,333555304,2109,6.21,-2,125,3007,23.11,9
2506,50120000,351987535,333555356,1984,7.35,-81,-6,3008,23.14,13
2507,50140000,351987557,333555408,2084,4.93,-46,153,3009,23.15,13
2508,50160000,351987550,333555460,2106,6.57,-66,69,3010,23.09,9
2509,50180000,351987531,333555512,2079,5.53,-113,78,3011,23.12,9
2510,50200000,351987535,333555564,2089,6.3,6,43,3013,23.07,9
2511,50220000,351987535,333555616,2216,5.05,-71,80,3014,23.16,10
2512,50240000,351987534,333555668,2085,5.71,-76,-21,3015,23.09,10
2513,50260000,351987516,333555719,2056,5.85,-64,-10,3016,23.14,9
2514,50280000,351987524,333555771,2105,3.23,52,-68,3017,23.1,11
2515,50300000,351987544,333555822,2083,6.23,-18,57,3019,23.09,12
2516,50320000,351987528,333555873,2084,5.82,60,-5,3020,23.15,13
2517,50340000,351987543,333555924,2094,3.11,-4,67,3021,23.08,13
2518,50360000,351987541,333555975,2129,6.73,-25,59,3022,23.14,11
2519,50380000,351987568,333556026,2109,5.94,34,-37,3023,23.09,10
2520,50400000,351987575,333556077,2052,6.21,36,65,3025,23.07,14
2521,50420000,351987577,333556127,2096,6.39,7,42,3026,23.07,10
2522,50440000,351987591,333556178,2121,5.49,-61,40,3027,23.13,9
2523,50460000,351987600,333556228,2084,4.73,-27,53,3028,23.09,14
2524,50480000,351987597,333556278,2149,5.46,-70,28,3029,23.09,13
2525,50500000,351987608,333556327,2135,5.48,-15,30,3031,23.05,11
2526,50520000,351987606,333556377,2066,8.55,5,82,3032,23.13,12
2527,50540000,351987591,333556426,2119,8.11,89,-19,3033,23.12,10
2528,50560000,351987615,333556475,2186,5.41,84,-30,3034,23.1,13
2529,50580000,351987615,333556524,2170,5.49,40,-8,3035,23.12,13
2530,50600000,351987612,333556573,2106,6.35,57,81,3037,22.99,13
2531,50620000,351987619,333556621,2145,6.63,14,13,3038,23.07,13
2532,50640000,351987606,333556670,2083,5.17,166,125,3039,23.09,11
2533,50660000,351987596,333556718,2053,4.81,91,-124,3040,23.09,12
2534,50680000,351987595,333556765,2134,8.22,158,-5,3041,23.07,13
2535,50700000,351987593,333556813,2123,7.2,23,7,3043,23.09,9
2536,50720000,351987597,333556860,2134,4.17,24,43,3044,23.06,10
2537,50740000,351987611,333556907,2113,3.92,63,97,3045,23.07,10
2538,50760000,351987610,333556953,2128,5.01,11,20,3046,23.05,12
2539,50780000,351987618,333556999,2096,6.22,18,-20,3047,23.09,13
2540,50800000,351987627,333557045,2136,6.6,-59,71,3049,23.06,12
2541,50820000,351987620,333557091,2151,5.57,56,107,3050,23.07,10
2542,50840000,351987626,333557136,2116,4.09,8,-98,3051,23.12,13
2543,50860000,351987619,333557181,2152,6.22,48,59,3052,23.08,9
2544,50880000,351987633,333557226,2049,6.67,-13,44,3053,23.08,11
2545,50900000,351987641,333557270,2090,5.97,-106,-11,3055,23.03,10
2546,50920000,351987645,333557314,2180,5.39,30,6,3056,23.06,12
2547,50940000,351987635,333557358,2193,6.64,69,44,3057,23.11,13
2548,50960000,351987639,333557401,2134,5.9,-76,31,3058,23.09,9
2549,50980000,351987635,333557444,2120,4.66,-58,17,3059,23.08,14
2550,51000000,351987645,333557487,2074,6.08,-17,-28,3061,23.07,9
2551,51020000,351987647,333557529,2141,4.46,-14,44,3062,23.08,14
2552,51040000,351987643,333557571,2158,7.09,-101,-3,3063,23.08,14
2553,51060000,351987655,333557612,2068,6.51,105,34,3064,23.06,14
2554,51080000,351987666,333557653,2151,4.8,60,0,3065,23.0,13
2555,51100000,351987663,333557694,2149,6.21,-36,39,3067,23.13,14
2556,51120000,351987678,333557734,2148,7.42,-108,67,3068,23.1,9
2557,51140000,351987679,333557774,2086,3.46,21,41,3069,23.06,14
2558,51160000,351987679,333557813,2154,5.8,119,62,3070,23.11,12
2559,51180000,351987683,333557852,2073,7.89,49,-39,3071,23.03,14
2560,51200000,351987679,333557891,2193,4.15,69,53,3073,23.1,14
2561,51220000,351987678,333557929,2140,5.77,-56,44,3074,23.07,12
2562,51240000,351987680,333557966,2089,4.3,13,-1,3075,23.09,13
2563,51260000,351987698,333558003,2190,5.88,-89,21,3076,23.05,10
2564,51280000,351987717,333558040,2183,3.16,118,-110,3077,23.07,11
2565,51300000,351987718,333558076,2112,4.07,34,33,3079,23.08,14
2566,51320000,351987737,333558112,2227,5.34,-126,9,3080,23.09,12
2567,51340000,351987740,333558147,2099,6.13,-110,-83,3081,23.08,10
2568,51360000,351987747,333558182,2153,6.41,28,55,3082,23.07,10
2569,51380000,351987759,333558217,2188,6.46,8,-2,3083,23.04,10
2570,51400000,351987765,333558251,2051,7.31,-18,43,3085,23.11,13
2571,51420000,351987793,333558284,2183,6.78,36,17,3086,23.06,13
2572,51440000,351987799,333558317,2141,6.83,120,54,3087,23.05,10
2573,51460000,351987790,333558349,2144,4.82,21,34,3088,23.05,11
2574,51480000,351987806,333558381,2102,5.78,-108,15,3089,23.02,11
2575,51500000,351987806,333558412,2159,9.7,-9,54,3091,23.03,9
2576,51520000,351987806,333558443,2102,8.62,-78,71,3092,23.01,9
2577,51540000,351987779,333558474,2109,6.94,-48,-83,3093,23.06,12
2578,51560000,351987793,333558503,2131,6.83,19,31,3094,23.05,10
2579,51580000,351987804,333558533,2100,7.12,-10,0,3095,23.06,14
2580,51600000,351987816,333558562,2213,5.49,-64,-25,3097,23.01,10
2581,51620000,351987829,333558590,2098,8.26,-1,95,3098,23.04,12
2582,51640000,351987849,333558617,2122,5.52,-49,77,3099,23.03,9
2583,51660000,351987852,333558645,2140,5.87,31,-22,3100,23.08,13
2584,51680000,351987864,333558671,2154,8.52,-14,-26,3101,23.0,9
2585,51700000,351987860,333558697,2186,3.52,23,70,3103,23.0,10
2586,51720000,351987860,333558723,2188,6.39,-16,-1,3104,23.08,12
2587,51740000,351987874,333558747,2144,3.94,44,13,3105,23.05,13
2588,51760000,351987881,333558772,2142,5.2,-8,-68,3106,23.0,13
2589,51780000,351987871,333558796,2159,5.86,-1,22,3107,23.08,10
2590,51800000,351987878,333558819,2191,5.55,-34,86,3109,23.09,9
2591,51820000,351987880,333558841,2187,6.17,8,6,3110,23.07,11
2592,51840000,351987875,333558863,2140,5.06,-106,23,3111,22.98,11
2593,51860000,351987883,333558885,2079,5.84,159,117,3112,23.04,13
2594,51880000,351987882,333558906,2248,4.56,-41,73,3113,23.01,12
2595,51900000,351987870,333558926,2201,5.51,5,100,3115,23.03,12
2596,51920000,351987862,333558946,2174,4.33,-29,61,3116,22.99,13
2597,51940000,351987883,333558965,2178,6.74,-29,89,3117,23.09,11
2598,51960000,351987871,333558983,2144,4.44,23,-53,3118,23.01,11
2599,51980000,351987877,333559001,2126,6.78,-31,-11,3119,23.04,11
2600,52000000,351987886,333559019,2154,5.48,-26,-53,3121,23.06,11
2601,52020000,351987896,333559035,2159,5.61,-83,140,3122,23.05,10
2602,52040000,351987887,333559052,2144,7.36,-56,38,3123,23.04,14
2603,52060000,351987887,333559067,2111,6.09,-70,23,3124,23.02,14
2604,52080000,351987892,333559082,2158,3.72,107,-8,3125,23.04,9
2605,52100000,351987903,333559096,2194,6.55,-80,-21,3127,23.02,12
2606,52120000,351987900,333559110,2152,2.53,-65,-110,3128,22.96,10
2607,52140000,351987892,333559123,2174,6.28,10,141,3129,23.06,13
2608,52160000,351987905,333559135,2091,5.49,84,25,3130,23.01,10
2609,52180000,351987919,333559147,2166,4.31,-102,32,3131,23.01,14
2610,52200000,351987926,333559158,2170,6.06,-93,-40,3133,23.01,10
2611,52220000,351987924,333559169,2127,5.6,6,26,3134,22.98,11
2612,52240000,351987931,333559179,2108,8.34,19,48,3135,22.99,11
2613,52260000,351987935,333559188,2194,5.44,-85,25,3136,22.97,13
2614,52280000,351987947,333559197,2146,8.27,-108,60,3137,23.03,12
2615,52300000,351987938,333559205,2199,7.6,-58,-12,3139,23.06,9
2616,52320000,351987942,333559212,2163,5.24,43,45,3140,23.02,11
2617,52340000,351987944,333559219,2206,5.0,-3,74,3141,22.98,11
2618,52360000,351987936,333559225,2168,7.53,43,57,3142,23.06,12
2619,52380000,351987942,333559231,2122,5.8,-7,48,3143,23.01,13
2620,52400000,351987946,333559236,2180,6.15,-2,24,3145,22.97,11
2621,52420000,351987945,333559240,2171,5.66,35,-19,3146,22.96,13
2622,52440000,351987952,333559244,2212,4.53,-8,57,3147,23.02,10
2623,52460000,351987941,333559247,2168,5.52,13,10,3148,23.06,12
2624,52480000,351987944,333559249,2171,4.82,-55,-17,3149,23.0,9
2625,52500000,351987952,333559251,2222,4.14,-37,67,3151,22.99,11
2626,52520000,351987958,333559252,2235,5.62,27,-50,3152,23.0,13
2627,52540000,351987972,333559253,2220,8.09,-15,1,3153,22.98,14
2628,52560000,351987963,333559253,2232,7.89,-45,68,3154,22.99,12
2629,52580000,351987952,333559252,2209,5.89,38,76,3155,23.02,10
2630,52600000,351987957,333559250,2223,6.13,31,10,3157,22.99,13
2631,52620000,351987965,333559248,2228,6.57,-1,32,3158,23.03,13
2632,52640000,351987990,333559246,2210,7.58,-46,56,3159,22.98,10
2633,52660000,351987999,333559242,2197,6.34,52,26,3160,23.03,11
2634,52680000,351987994,333559238,2201,5.4,148,-8,3161,23.01,13
2635,52700000,351988005,333559234,2292,5.5,-50,51,3163,22.99,9
2636,52720000,351988000,333559229,2197,7.31,-93,37,3164,22.99,12
2637,52740000,351987989,333559223,2188,9.07,-48,34,3165,22.99,14
2638,52760000,351988018,333559217,2184,5.22,-57,85,3166,23.05,13
2639,52780000,351988025,333559210,2198,3.52,-77,44,3167,22.98,13
2640,52800000,351988035,333559202,2210,6.93,-72,6,3169,23.03,10
2641,52820000,351988044,333559194,2156,5.87,49,37,3170,23.03,14
2642,52840000,351988065,333559185,2123,6.13,50,126,3171,22.99,9
2643,52860000,351988072,333559175,2215,7.44,87,-6,3172,23.05,9
2644,52880000,351988087,333559165,2139,6.05,43,16,3173,22.92,12
2645,52900000,351988080,333559154,2215,4.38,-30,-10,3175,23.0,13
2646,52920000,351988070,333559143,2211,3.62,63,47,3176,23.0,14
2647,52940000,351988087,333559131,2252,5.91,-38,-33,3177,22.99,11
2648,52960000,351988105,333559118,2274,4.58,-22,51,3178,23.02,9
2649,52980000,351988114,333559105,2222,6.31,-71,67,3179,22.98,10
2650,53000000,351988119,333559092,2186,4.44,72,-9,3181,22.99,14
2651,53020000,351988124,333559077,2162,5.54,59,-12,3182,23.02,12
2652,53040000,351988121,333559062,2179,4.21,-29,-44,3183,22.99,14
2653,53060000,351988140,333559047,2213,5.53,-20,31,3184,22.96,14
2654,53080000,351988149,333559031,2129,5.43,0,-26,3185,23.0,12
2655,53100000,351988158,333559014,2216,6.68,10,-1,3187,22.98,14
2656,53120000,351988165,333558996,2213,7.57,49,8,3188,22.97,13
2657,53140000,351988179,333558979,2240,5.75,2,-4,3189,23.0,12
2658,53160000,351988187,333558960,2202,4.93,22,71,3190,22.96,10
2659,53180000,351988198,333558941,2220,8.3,-91,109,3191,22.95,13
2660,53200000,351988190,333558921,2187,6.4,-19,-76,3193,22.97,11
2661,53220000,351988198,333558901,2199,6.7,-109,-11,3194,22.98,14
2662,53240000,351988223,333558880,2148,6.69,105,42,3195,22.98,13
2663,53260000,351988221,333558859,2224,7.71,82,-22,3196,22.94,12
2664,53280000,351988223,333558837,2282,7.17,41,2,3197,23.03,14
2665,53300000,351988236,333558815,2228,6.78,64,40,3199,23.0,14
2666,53320000,351988249,333558792,2237,6.88,118,99,3200,22.98,11
2667,53340000,351988258,333558768,2183,4.94,54,88,3201,22.98,11
2668,53360000,351988245,333558744,2281,5.24,-97,15,3202,22.9,13
2669,53380000,351988254,333558720,2194,5.84,-14,36,3203,23.0,9
2670,53400000,351988245,333558694,2257,6.08,-142,11,3205,22.94,13
2671,53420000,351988240,333558669,2230,5.99,-50,20,3206,22.99,11
2672,53440000,351988249,333558643,2189,6.34,-76,-29,3207,22.94,10
2673,53460000,351988249,333558616,2269,6.0,-2,-58,3208,23.0,12
2674,53480000,351988261,333558589,2229,5.46,21,11,3209,22.95,13
2675,53500000,351988296,333558561,2237,4.03,-57,78,3211,22.96,13
2676,53520000,351988307,333558533,2248,6.97,-18,67,3212,23.01,14
2677,53540000,351988317,333558504,2230,6.67,14,-63,3213,23.0,13
2678,53560000,351988312,333558475,2217,4.92,-11,20,3214,22.93,11
2679,53580000,351988309,333558445,2251,6.56,-12,-1,3215,22.95,9
2680,53600000,351988301,333558415,2217,6.44,-146,44,3217,22.97,13
2681,53620000,351988299,333558384,2237,6.06,-28,-25,3218,22.96,10
2682,53640000,351988292,333558353,2209,3.77,45,75,3219,22.99,9
2683,53660000,351988289,333558321,2176,4.53,13,19,3220,22.94,9
2684,53680000,351988290,333558289,2210,5.25,-90,58,3221,22.91,14
2685,53700000,351988283,333558256,2218,7.9,-18,73,3223,22.93,14
2686,53720000,351988272,333558223,2239,4.94,13,-67,3224,22.96,12
2687,53740000,351988262,333558190,2287,5.55,-60,18,3225,22.98,9
2688,53760000,351988270,333558156,2173,4.64,38,105,3226,22.98,11
2689,53780000,351988274,333558121,2246,5.38,-50,30,3227,23.0,14
2690,53800000,351988287,333558086,2153,6.38,-21,81,3229,22.96,12
2691,53820000,351988301,333558051,2201,3.49,-8,50,3230,22.95,10
2692,53840000,351988301,333558016,2223,2.57,131,4,3231,22.98,12
2693,53860000,351988311,333557979,2154,6.76,-21,43,3232,22.95,14
2694,53880000,351988300,333557943,2171,6.01,-36,82,3233,22.94,13
2695,53900000,351988326,333557906,2252,5.24,40,94,3235,22.94,12
2696,53920000,351988341,333557869,2250,7.13,-30,102,3236,22.98,13
2697,53940000,351988343,333557831,2243,7.13,9,-25,3237,23.0,13
2698,53960000,351988334,333557793,2216,3.46,-137,71,3238,22.99,13
2699,53980000,351988341,333557755,2336,5.77,15,-39,3239,22.9,14
2700,54000000,351988326,333557716,2244,7.3,-3,23,3241,22.98,12
2701,54020000,351988322,333557676,2217,5.17,-79,19,3242,22.91,14
2702,54040000,351988332,333557637,2319,5.59,79,61,3243,22.94,11
2703,54060000,351988337,333557597,2277,7.11,-16,45,3244,22.96,9
2704,54080000,351988335,333557557,2239,5.65,-13,92,3245,22.91,13
2705,54100000,351988348,333557516,2302,4.53,-81,0,3247,22.91,14
2706,54120000,351988341,333557475,2262,5.15,-99,71,3248,22.92,11
2707,54140000,351988347,333557434,2282,4.38,-36,49,3249,22.99,13
2708,54160000,351988345,333557392,2266,6.63,-93,29,3250,22.97,9
2709,54180000,351988340,333557351,2217,3.9,27,-30,3251,22.91,11
2710,54200000,351988348,333557308,2297,7.17,49,58,3253,22.94,11
2711,54220000,351988342,333557266,2266,4.0,-40,45,3254,22.94,10
2712,54240000,351988364,333557223,2220,6.02,-98,69,3255,22.95,10
2713,54260000,351988361,333557180,2231,4.21,-25,27,3256,22.92,12
2714,54280000,351988385,333557137,2300,5.59,-65,17,3257,22.98,14
2715,54300000,351988377,333557093,2248,7.19,7,49,3259,22.93,13
2716,54320000,351988386,333557049,2265,7.31,8,52,3260,22.96,9
2717,54340000,351988378,333557005,2291,7.53,-27,64,3261,22.88,9
2718,54360000,351988368,333556961,2270,5.86,2,124,3262,22.95,11
2719,54380000,351988373,333556916,2205,6.1,60,-1,3263,22.94,13
2720,54400000,351988383,333556871,2292,6.25,99,129,3265,22.97,10
2721,54420000,351988373,333556826,2305,6.71,-33,-118,3266,22.85,12
2722,54440000,351988389,333556781,2303,5.49,40,77,3267,22.95,13
2723,54460000,351988384,333556735,2334,7.29,-16,-11,3268,22.95,13
2724,54480000,351988389,333556690,2285,6.36,-65,129,3269,22.92,9
2725,54500000,351988396,333556644,2302,7.34,74,-14,3271,22.97,13
2726,54520000,351988405,333556598,2335,6.54,21,82,3272,22.99,11
2727,54540000,351988390,333556552,2261,6.78,6,-19,3273,22.95,11
2728,54560000,351988410,333556505,2343,5.09,18,-26,3274,22.95,11
2729,54580000,351988419,333556458,2344,5.47,-12,69,3275,22.97,14
2730,54600000,351988418,333556412,2307,4.42,-65,73,3277,22.94,13
2731,54620000,351988411,333556365,2350,5.61,104,-5,3278,22.96,12
2732,54640000,351988397,333556318,2311,5.76,51,149,3279,22.94,9
2733,54660000,351988387,333556271,2243,6.97,13,13,3280,22.9,10
2734,54680000,351988396,333556223,2324,4.46,55,107,3281,22.89,10
2735,54700000,351988396,333556176,2292,9.85,74,-20,3283,22.96,11
2736,54720000,351988388,333556128,2297,5.82,-14,-18,3284,22.94,10
2737,54740000,351988386,333556081,2287,7.48,32,34,3285,22.9,10
2738,54760000,351988405,333556033,2336,7.22,-21,-20,3286,22.92,14
2739,54780000,351988405,333555985,2305,2.94,36,52,3287,22.96,14
2740,54800000,351988402,333555937,2256,5.65,-17,-77,3289,22.86,12
2741,54820000,351988419,333555889,2304,7.74,143,38,3290,22.89,12
2742,54840000,351988427,333555841,2314,3.06,-23,1,3291,22.94,10
2743,54860000,351988431,333555793,2257,6.89,28,-18,3292,22.94,12
2744,54880000,351988428,333555745,2270,4.87,25,40,3293,22.88,14
2745,54900000,351988416,333555697,2272,5.41,-22,18,3295,22.88,14
2746,54920000,351988408,333555648,2264,6.24,53,7,3296,22.92,10
2747,54940000,351988406,333555600,2303,3.73,-7,70,3297,22.95,12
2748,54960000,351988407,333555552,2331,6.2,-27,44,3298,22.91,12
2749,54980000,351988414,333555504,2367,5.19,-2,48,3299,22.84,12
2750,55000000,351988423,333555455,2340,5.07,-47,96,3301,22.94,10
2751,55020000,351988429,333555407,2334,6.81,69,26,3302,22.91,11
2752,55040000,351988434,333555359,2339,10.18,35,71,3303,22.89,11
2753,55060000,351988427,333555310,2348,6.38,56,9,3304,22.87,14
2754,55080000,351988409,333555262,2280,6.63,-83,60,3305,22.94,13
2755,55100000,351988407,333555214,2324,5.91,13,56,3307,22.91,12
2756,55120000,351988401,333555166,2310,5.1,-48,2,3308,22.91,11
2757,55140000,351988398,333555118,2293,6.28,2,-45,3309,22.91,11
2758,55160000,351988398,333555070,2280,7.79,73,-33,3310,22.91,11
2759,55180000,351988389,333555022,2279,6.19,12,-17,3311,22.93,10
2760,55200000,351988382,333554974,2290,7.03,-13,57,3313,22.95,11
2761,55220000,351988384,333554926,2252,5.69,64,23,3314,22.87,10
2762,55240000,351988388,333554879,2323,8.99,58,15,3315,22.9,12
2763,55260000,351988385,333554831,2302,3.99,108,53,3316,22.88,13
2764,55280000,351988394,333554784,2308,6.67,-114,66,3317,22.95,9
2765,55300000,351988395,333554736,2318,6.61,17,99,3319,22.89,10
2766,55320000,351988388,333554689,2334,6.28,-27,0,3320,22.85,12
2767,55340000,351988392,333554642,2282,4.62,-54,57,3321,22.89,14
2768,55360000,351988414,333554595,2303,4.6,4,65,3322,22.87,14
2769,55380000,351988410,333554548,2243,5.68,-72,-17,3323,22.87,13
2770,55400000,351988425,333554502,2220,6.08,-136,36,3325,22.88,11
2771,55420000,351988442,333554455,2232,4.51,-56,-15,3326,22.85,10
2772,55440000,351988461,333554409,2372,4.68,-18,18,3327,22.83,11
2773,55460000,351988456,333554363,2238,6.63,109,50,3328,22.95,9
2774,55480000,351988479,333554317,2331,7.2,-45,-54,3329,22.88,14
2775,55500000,351988484,333554271,2372,5.29,-72,-13,3331,22.86,14
2776,55520000,351988485,333554226,2295,5.12,-121,-10,3332,22.9,9
2777,55540000,351988486,333554180,2380,5.09,-23,34,3333,22.92,12
2778,55560000,351988495,333554135,2389,8.93,-16,-6,3334,22.83,9
2779,55580000,351988499,333554090,2354,6.55,6,48,3335,22.87,14
2780,55600000,351988500,333554046,2412,5.88,-89,-12,3337,22.89,12
2781,55620000,351988517,333554001,2343,7.17,-48,4,3338,22.86,14
2782,55640000,351988513,333553957,2289,8.71,-138,59,3339,22.89,10
2783,55660000,351988506,333553913,2340,7.36,7,45,3340,22.84,10
2784,55680000,351988517,333553870,2303,4.24,-96,37,3341,22.86,11
2785,55700000,351988527,333553826,2269,5.85,-167,27,3343,22.87,12
2786,55720000,351988541,333553783,2271,5.47,67,79,3344,22.89,11
2787,55740000,351988534,333553740,2415,5.54,27,98,3345,22.88,10
2788,55760000,351988548,333553698,2302,4.49,18,11,3346,22.86,10
2789,55780000,351988556,333553655,2324,5.49,18,-6,3347,22.86,11
2790,55800000,351988577,333553614,2299,4.65,-64,-21,3349,22.81,14
2791,55820000,351988568,333553572,2332,6.36,61,116,3350,22.94,9
2792,55840000,351988574,333553531,2318,6.01,-65,-14,3351,22.86,9
2793,55860000,351988574,333553490,2312,4.26,112,-35,3352,22.86,13
2794,55880000,351988562,333553449,2281,3.9,11,43,3353,22.88,9
2795,55900000,351988558,333553409,2273,5.38,-113,82,3355,22.89,11
2796,55920000,351988573,333553369,2301,6.74,49,-31,3356,22.88,11
2797,55940000,351988571,333553329,2343,6.55,115,23,3357,22.85,9
2798,55960000,351988567,333553290,2415,5.87,-17,-41,3358,22.82,10
2799,55980000,351988579,333553251,2375,1.98,61,-4,3359,22.86,9
2800,56000000,351988592,333553212,2407,5.36,-15,110,3361,22.84,11
2801,56020000,351988606,333553174,2354,5.06,-40,38,3362,22.85,11
2802,56040000,351988601,333553137,2332,5.55,-157,16,3363,22.86,9
2803,56060000,351988604,333553099,2284,4.49,71,33,3364,22.87,10
2804,56080000,351988618,333553062,2338,5.43,-29,43,3365,22.9,12
2805,56100000,351988614,333553026,2253,5.15,20,24,3367,22.86,13
2806,56120000,351988610,333552989,2327,9.22,-70,-29,3368,22.81,9
2807,56140000,351988622,333552954,2405,6.8,-56,-28,3369,22.88,10
2808,56160000,351988641,333552918,2354,5.72,64,129,3370,22.89,12
2809,56180000,351988633,333552884,2387,5.89,-25,-8,3371,22.81,10
2810,56200000,351988610,333552849,2327,5.81,-26,89,3373,22.88,12
2811,56220000,351988599,333552815,2289,6.18,-78,-5,3374,22.86,14
2812,56240000,351988592,333552781,2325,5.46,10,94,3375,22.84,14
2813,56260000,351988594,333552748,2329,5.93,44,64,3376,22.86,11
2814,56280000,351988603,333552716,2394,7.19,-29,19,3377,22.87,13
2815,56300000,351988605,333552683,2426,6.95,-13,129,3379,22.87,9
2816,56320000,351988602,333552652,2318,6.32,-75,-16,3380,22.89,11
2817,56340000,351988606,333552620,2334,7.55,81,18,3381,22.85,10
2818,56360000,351988600,333552590,2344,6.22,-39,-12,3382,22.85,14
2819,56380000,351988603,333552559,2336,4.77,-11,-8,3383,22.92,14
2820,56400000,351988600,333552529,2301,3.85,98,11,3385,22.82,10
2821,56420000,351988630,333552500,2356,5.11,-15,-17,3386,22.84,9
2822,56440000,351988642,333552471,2367,5.88,-95,13,3387,22.84,11
2823,56460000,351988637,333552443,2369,6.43,-57,108,3388,22.87,10
2824,56480000,351988630,333552415,2306,7.25,-23,-56,3389,22.88,14
2825,56500000,351988629,333552388,2351,5.26,104,-32,3391,22.81,12
2826,56520000,351988616,333552361,2287,4.98,11,-17,3392,22.88,13
2827,56540000,351988612,333552335,2394,6.88,-15,6,3393,22.81,11
2828,56560000,351988608,333552309,2317,7.37,47,80,3394,22.92,11
2829,56580000,351988620,333552284,2348,5.38,76,65,3395,22.82,9
2830,56600000,351988619,333552259,2342,6.36,-47,53,3397,22.87,13
2831,56620000,351988614,333552235,2337,7.61,84,40,3398,22.83,11
2832,56640000,351988604,333552211,2319,6.34,49,148,3399,22.86,10
2833,56660000,351988596,333552188,2292,5.89,25,-26,3400,22.82,10
2834,56680000,351988599,333552165,2432,3.45,-144,-27,3401,22.84,11
2835,56700000,351988600,333552144,2374,7.55,9,28,3403,22.84,11
2836,56720000,351988614,333552122,2375,6.73,82,40,3404,22.84,12
2837,56740000,351988612,333552101,2450,6.1,-18,18,3405,22.86,12
2838,56760000,351988625,333552081,2362,5.39,137,-11,3406,22.82,14
2839,56780000,351988631,333552061,2389,4.45,2,-35,3407,22.82,11
2840,56800000,351988635,333552042,2369,5.83,-63,16,3409,22.79,10
2841,56820000,351988618,333552023,2416,5.82,33,-5,3410,22.83,9
2842,56840000,351988608,333552005,2390,7.27,15,6,3411,22.82,11
2843,56860000,351988619,333551988,2383,4.49,48,-23,3412,22.86,13
2844,56880000,351988636,333551971,2361,7.69,-15,96,3413,22.85,11
2845,56900000,351988642,333551955,2384,5.99,76,52,3415,22.81,10
2846,56920000,351988653,333551939,2420,7.38,-35,121,3416,22.84,9
2847,56940000,351988652,333551924,2291,4.78,6,4,3417,22.87,13
2848,56960000,351988652,333551910,2370,6.37,-76,32,3418,22.82,10
2849,56980000,351988648,333551896,2359,7.42,-49,17,3419,22.79,12
2850,57000000,351988661,333551883,2365,6.09,10,30,3421,22.9,13
2851,57020000,351988668,333551870,2298,4.18,-41,17,3422,22.84,9
2852,57040000,351988669,333551858,2408,5.55,-28,21,3423,22.84,10
2853,57060000,351988669,333551847,2345,6.6,-14,-67,3424,22.9,14
2854,57080000,351988678,333551836,2371,4.27,13,16,3425,22.8,9
2855,57100000,351988685,333551825,2361,4.21,44,64,3427,22.83,10
2856,57120000,351988680,333551816,2315,6.23,44,-66,3428,22.76,12
2857,57140000,351988700,333551807,2365,4.81,60,12,3429,22.83,9
2858,57160000,351988706,333551798,2310,6.77,10,58,3430,22.83,12
2859,57180000,351988710,333551791,2346,4.54,-34,92,3431,22.79,14
2860,57200000,351988728,333551784,2372,3.74,-97,25,3433,22.79,14
2861,57220000,351988741,333551777,2386,5.02,-22,52,3434,22.81,11
2862,57240000,351988744,333551771,2389,7.75,-49,117,3435,22.81,13
2863,57260000,351988752,333551766,2382,4.91,-111,94,3436,22.86,11
2864,57280000,351988745,333551761,2474,5.95,98,7,3437,22.81,9
2865,57300000,351988742,333551757,2407,6.25,-112,0,3439,22.81,13
2866,57320000,351988723,333551754,2341,4.81,20,80,3440,22.81,10
2867,57340000,351988738,333551751,2366,7.26,32,41,3441,22.76,14
2868,57360000,351988723,333551749,2365,6.17,-15,3,3442,22.79,12
2869,57380000,351988733,333551747,2385,6.49,155,18,3443,22.77,9
2870,57400000,351988728,333551747,2369,3.93,0,45,3445,22.81,10
2871,57420000,351988721,333551746,2360,3.85,-47,20,3446,22.74,13
2872,57440000,351988723,333551747,2461,2.64,105,17,3447,22.77,9
2873,57460000,351988729,333551748,2398,5.73,-49,18,3448,22.81,14
2874,57480000,351988738,333551749,2383,5.68,-88,-44,3449,22.74,14
2875,57500000,351988759,333551752,2387,6.82,-62,116,3451,22.76,14
2876,57520000,351988766,333551755,2390,7.74,-40,90,3452,22.83,12
2877,57540000,351988778,333551758,2455,5.65,1,105,3453,22.76,10
2878,57560000,351988776,333551762,2419,5.63,19,23,3454,22.8,13
2879,57580000,351988786,333551767,2446,6.5,-93,36,3455,22.81,9
2880,57600000,351988791,333551773,2277,7.79,19,58,3457,22.77,10
2881,57620000,351988790,333551779,2416,4.96,134,70,3458,22.75,12
2882,57640000,351988792,333551785,2446,6.71,-44,-60,3459,22.84,13
2883,57660000,351988795,333551793,2483,5.66,-9,47,3460,22.78,12
2884,57680000,351988800,333551801,2406,5.55,40,-19,3461,22.81,12
2885,57700000,351988807,333551809,2337,6.93,71,26,3463,22.77,10
2886,57720000,351988806,333551819,2430,5.01,-41,-2,3464,22.8,12
2887,57740000,351988801,333551828,2384,4.67,-59,114,3465,22.75,12
2888,57760000,351988812,333551839,2337,6.76,-62,56,3466,22.75,14
2889,57780000,351988799,333551850,2384,5.93,65,28,3467,22.76,9
2890,57800000,351988796,333551862,2452,5.64,53,99,3469,22.77,10
2891,57820000,351988815,333551874,2459,5.8,-133,26,3470,22.77,14
2892,57840000,351988791,333551887,2441,6.55,-131,-6,3471,22.78,11
2893,57860000,351988787,333551900,2371,5.51,-76,20,3472,22.8,11
2894,57880000,351988798,333551915,2514,6.88,-92,11,3473,22.77,9
2895,57900000,351988784,333551929,2367,6.45,23,32,3475,22.81,9
2896,57920000,351988814,333551945,2412,7.74,12,71,3476,22.77,10
2897,57940000,351988791,333551961,2358,7.48,117,24,3477,22.8,10
2898,57960000,351988809,333551977,2469,6.99,47,26,3478,22.82,10
2899,57980000,351988828,333551995,2435,5.71,6,80,3479,22.84,14
2900,58000000,351988840,333552013,2454,6.1,70,44,3481,22.72,14
2901,58020000,351988841,333552031,2423,5.25,-55,77,3482,22.83,10
2902,58040000,351988848,333552050,2417,9.38,-86,36,3483,22.73,9
2903,58060000,351988843,333552070,2428,5.69,0,-34,3484,22.82,10
2904,58080000,351988854,333552090,2346,6.63,55,-25,3485,22.78,9
2905,58100000,351988846,333552111,2462,7.59,-99,-52,3487,22.79,11
2906,58120000,351988847,333552132,2460,4.32,53,86,3488,22.75,13
2907,58140000,351988860,333552154,2409,4.97,51,50,3489,22.8,11
2908,58160000,351988852,333552176,2425,5.48,-31,6,3490,22.8,9
2909,58180000,351988852,333552199,2438,4.76,8,-19,3491,22.76,10
2910,58200000,351988857,333552223,2490,4.44,-18,47,3493,22.76,11
2911,58220000,351988847,333552247,2445,5.34,3,23,3494,22.8,10
2912,58240000,351988862,333552272,2430,7.51,47,45,3495,22.8,10
2913,58260000,351988869,333552298,2409,6.83,-50,-11,3496,22.79,13
2914,58280000,351988857,333552324,2370,6.0,62,-25,3497,22.76,9
2915,58300000,351988860,333552350,2407,5.99,51,107,3499,22.77,12
2916,58320000,351988855,333552377,2435,3.97,53,-17,3500,22.8,9
2917,58340000,351988852,333552405,2423,6.8,-121,28,3501,22.79,10
2918,58360000,351988856,333552433,2437,6.47,-114,96,3502,22.8,13
2919,58380000,351988852,333552461,2464,4.66,40,-60,3503,22.77,14
2920,58400000,351988865,333552491,2453,6.21,-37,64,3505,22.74,13
2921,58420000,351988862,333552520,2447,5.73,-43,33,3506,22.77,11
2922,58440000,351988875,333552551,2463,5.34,-47,22,3507,22.78,11
2923,58460000,351988878,333552581,2445,4.77,-83,43,3508,22.75,12
2924,58480000,351988889,333552613,2438,5.15,-18,-28,3509,22.78,9
2925,58500000,351988887,333552644,2458,4.83,-45,-80,3511,22.74,12
2926,58520000,351988886,333552677,2371,6.52,-41,123,3512,22.77,10
2927,58540000,351988878,333552710,2491,6.4,27,15,3513,22.74,14
2928,58560000,351988887,333552743,2391,6.35,-73,74,3514,22.82,9
2929,58580000,351988899,333552777,2476,5.74,67,84,3515,22.79,13
2930,58600000,351988924,333552811,2444,5.47,-136,44,3517,22.77,14
2931,58620000,351988940,333552846,2489,8.41,151,52,3518,22.72,14
2932,58640000,351988946,333552881,2447,3.73,-84,65,3519,22.72,11
2933,58660000,351988947,333552917,2409,7.4,34,108,3520,22.78,11
2934,58680000,351988954,333552953,2490,6.39,54,54,3521,22.75,12
2935,58700000,351988957,333552989,2455,6.05,-1,92,3523,22.76,10
2936,58720000,351988975,333553027,2454,5.35,44,15,3524,22.71,9
2937,58740000,351988988,333553064,2453,5.7,-7,9,3525,22.71,13
2938,58760000,351988983,333553102,2491,4.54,-108,34,3526,22.75,11
2939,58780000,351988980,333553141,2484,4.3,19,49,3527,22.74,12
2940,58800000,351988997,333553179,2462,5.83,68,56,3529,22.71,11
2941,58820000,351989003,333553219,2391,3.98,-35,126,3530,22.72,11
2942,58840000,351989004,333553258,2438,6.97,-104,71,3531,22.77,12
2943,58860000,351989019,333553299,2459,7.3,-38,33,3532,22.73,9
2944,58880000,351989019,333553339,2528,1.84,18,128,3533,22.76,14
2945,58900000,351989019,333553380,2472,4.1,17,46,3535,22.79,11
2946,58920000,351989018,333553421,2454,6.29,66,47,3536,22.75,10
2947,58940000,351989002,333553463,2506,6.22,32,54,3537,22.75,9
2948,58960000,351989014,333553505,2455,6.1,29,13,3538,22.72,10
2949,58980000,351989005,333553548,2459,6.47,-123,-23,3539,22.78,13
2950,59000000,351989003,333553591,2467,6.86,134,36,3541,22.7,13
2951,59020000,351988998,333553634,2402,7.0,1,14,3542,22.71,10
2952,59040000,351989009,333553677,2501,8.11,51,-12,3543,22.74,14
2953,59060000,351989012,333553721,2480,6.0,-22,36,3544,22.69,12
2954,59080000,351989015,333553766,2453,7.0,-10,20,3545,22.77,9
2955,59100000,351989002,333553810,2419,4.02,2,0,3547,22.72,11
2956,59120000,351989004,333553855,2474,5.81,94,-57,3548,22.75,9
2957,59140000,351988993,333553900,2523,4.5,91,21,3549,22.73,9
2958,59160000,351988999,333553946,2442,7.64,36,117,3550,22.73,13
2959,59180000,351989006,333553992,2426,8.77,120,74,3551,22.73,14
2960,59200000,351989009,333554038,2486,6.62,-25,83,3553,22.67,13
2961,59220000,351989033,333554085,2406,4.41,30,29,3554,22.7,10
2962,59240000,351989042,333554131,2382,5.83,-29,82,3555,22.72,13
2963,59260000,351989051,333554178,2454,6.0,78,-3,3556,22.8,13
2964,59280000,351989056,333554226,2445,6.21,1,7,3557,22.75,9
2965,59300000,351989057,333554273,2462,7.28,58,55,3559,22.75,14
2966,59320000,351989070,333554321,2452,7.11,104,-40,3560,22.7,11
2967,59340000,351989084,333554369,2488,2.79,-127,32,3561,22.75,11
2968,59360000,351989075,333554418,2467,7.61,131,44,3562,22.76,12
2969,59380000,351989089,333554467,2453,5.37,18,113,3563,22.75,10
2970,59400000,351989097,333554515,2459,5.3,-20,-4,3565,22.8,11
2971,59420000,351989110,333554564,2504,7.67,-118,50,3566,22.68,9
2972,59440000,351989118,333554614,2518,5.65,-19,-2,3567,22.69,14
2973,59460000,351989109,333554663,2516,4.33,-141,3,3568,22.71,10
2974,59480000,351989101,333554713,2509,4.38,4,-103,3569,22.69,10
2975,59500000,351989122,333554763,2350,6.04,-11,-16,3571,22.72,11
2976,59520000,351989128,333554813,2443,7.06,110,87,3572,22.73,13
2977,59540000,351989117,333554863,2471,7.77,-20,55,3573,22.72,11
2978,59560000,351989124,333554914,2493,5.77,64,37,3574,22.72,10
2979,59580000,351989124,333554964,2420,5.41,70,152,3575,22.73,10
2980,59600000,351989109,333555015,2543,7.92,125,56,3577,22.74,14
2981,59620000,351989089,333555066,2499,5.42,-15,-31,3578,22.69,12
2982,59640000,351989076,333555117,2463,7.72,45,20,3579,22.69,9
2983,59660000,351989082,333555168,2495,6.25,-93,27,3580,22.75,13
2984,59680000,351989085,333555220,2476,6.26,-68,109,3581,22.7,14
2985,59700000,351989086,333555271,2460,5.69,-17,-14,3583,22.69,11
2986,59720000,351989092,333555323,2511,6.33,-2,51,3584,22.72,14
2987,59740000,351989102,333555374,2474,5.42,-75,78,3585,22.7,10
2988,59760000,351989084,333555426,2436,5.16,-25,-9,3586,22.71,11
2989,59780000,351989084,333555478,2468,5.81,42,34,3587,22.71,10
2990,59800000,351989079,333555530,2490,5.19,-28,-69,3589,22.73,11
2991,59820000,351989070,333555582,2452,6.34,-10,35,3590,22.73,10
2992,59840000,351989068,333555634,2547,6.07,-55,-78,3591,22.68,14
2993,59860000,351989070,333555686,2453,5.66,84,11,3592,22.67,14
2994,59880000,351989071,333555738,2568,5.73,108,115,3593,22.75,12
2995,59900000,351989060,333555790,2534,5.7,12,50,3595,22.68,14
2996,59920000,351989058,333555843,2462,8.06,-7,32,3596,22.66,10
2997,59940000,351989082,333555895,2506,5.96,101,37,3597,22.64,9
2998,59960000,351989075,333555947,2548,5.26,28,136,3598,22.7,12
2999,59980000,351989061,333555999,2494,5.62,-41,57,0,22.68,9
